Date,LandAvg_temp,LandAvg_temp_Uncer,LandMax_temp,LandMax_tempUncer,LandMin_temp,LandMin_tempUncer,LandOceanAvg_temp,LandOceanAvg_tempUncer
1900-01-01,1.46,0.28,7.19,0.47,-4.10,0.40,13.14,0.14
1900-02-01,3.10,0.42,9.18,0.60,-2.81,0.63,13.78,0.17
1900-03-01,5.49,0.26,11.38,0.33,-0.68,0.61,14.40,0.14
1900-04-01,8.22,0.29,13.97,0.34,2.13,0.39,15.17,0.15
1900-05-01,11.38,0.36,17.42,0.33,5.18,0.38,15.96,0.16
1900-06-01,13.29,0.28,19.43,0.44,7.11,0.29,16.52,0.15
1900-07-01,14.17,0.34,19.90,0.37,8.10,0.31,16.79,0.15
1900-08-01,13.82,0.38,19.85,0.34,7.89,0.38,16.70,0.16
1900-09-01,11.96,0.29,17.82,0.38,5.97,0.34,16.12,0.15
1900-10-01,9.67,0.26,15.54,0.28,3.83,0.32,15.37,0.14
1900-11-01,5.80,0.28,11.53,0.45,0.12,0.41,14.19,0.14
1900-12-01,3.65,0.34,9.47,0.32,-1.83,0.43,13.60,0.15
1901-01-01,2.19,0.29,8.00,0.60,-3.49,0.49,13.29,0.14
1901-02-01,3.09,0.42,9.04,0.37,-2.68,0.54,13.66,0.16
1901-03-01,5.67,0.25,11.48,0.37,-0.64,0.40,14.38,0.14
1901-04-01,8.52,0.33,14.73,0.37,2.26,0.38,15.22,0.15
1901-05-01,11.18,0.34,17.32,0.40,4.86,0.39,15.94,0.15
1901-06-01,13.42,0.28,19.32,0.39,7.15,0.37,16.44,0.14
1901-07-01,14.34,0.35,20.34,0.43,8.16,0.37,16.72,0.16
1901-08-01,13.79,0.34,19.90,0.40,7.66,0.41,16.66,0.15
1901-09-01,11.98,0.30,17.93,0.46,5.82,0.32,16.00,0.14
1901-10-01,9.00,0.24,15.00,0.37,3.00,0.34,15.09,0.14
1901-11-01,5.98,0.26,12.04,0.55,0.07,0.40,14.10,0.14
1901-12-01,3.33,0.27,9.06,0.67,-2.28,0.37,13.38,0.14
1902-01-01,2.68,0.26,8.80,0.57,-3.03,0.37,13.30,0.13
1902-02-01,3.61,0.35,9.81,0.34,-2.50,0.45,13.69,0.15
1902-03-01,4.88,0.23,11.17,0.44,-1.34,0.29,14.10,0.13
1902-04-01,7.96,0.32,13.88,0.36,1.56,0.36,14.96,0.14
1902-05-01,10.89,0.34,16.99,0.54,4.59,0.37,15.72,0.14
1902-06-01,13.21,0.26,19.34,0.47,6.89,0.32,16.28,0.13
1902-07-01,14.23,0.36,20.20,0.54,7.96,0.34,16.69,0.14
1902-08-01,13.60,0.36,19.88,0.30,7.45,0.35,16.59,0.14
1902-09-01,11.80,0.29,17.90,0.30,5.55,0.37,16.03,0.13
1902-10-01,8.80,0.21,14.81,0.27,2.76,0.35,14.99,0.12
1902-11-01,5.27,0.27,11.16,0.34,-0.46,0.33,13.90,0.13
1902-12-01,2.71,0.27,8.44,0.28,-2.99,0.37,13.24,0.13
1903-01-01,2.51,0.22,8.41,0.44,-3.19,0.40,13.28,0.13
1903-02-01,3.56,0.25,9.30,0.43,-2.49,0.49,13.67,0.13
1903-03-01,4.93,0.21,10.96,0.29,-1.16,0.41,14.05,0.12
1903-04-01,7.83,0.29,13.96,0.32,1.70,0.39,14.80,0.14
1903-05-01,10.79,0.30,16.67,0.40,4.59,0.43,15.64,0.14
1903-06-01,12.89,0.27,18.90,0.38,6.72,0.30,16.16,0.13
1903-07-01,13.99,0.37,19.79,0.45,7.87,0.36,16.50,0.15
1903-08-01,13.41,0.38,19.30,0.36,7.56,0.37,16.30,0.15
1903-09-01,11.50,0.36,17.36,0.46,5.64,0.28,15.77,0.14
1903-10-01,8.81,0.20,14.63,0.42,2.90,0.37,14.84,0.12
1903-11-01,5.52,0.27,11.22,0.39,-0.05,0.34,13.83,0.13
1903-12-01,2.90,0.36,8.53,0.33,-2.69,0.38,13.21,0.14
1904-01-01,1.64,0.39,7.08,0.52,-3.86,0.40,12.96,0.15
1904-02-01,2.30,0.35,8.51,0.41,-3.58,0.43,13.15,0.15
1904-03-01,4.51,0.27,10.56,0.56,-1.57,0.30,13.86,0.13
1904-04-01,7.68,0.28,13.82,0.62,1.43,0.30,14.76,0.14
1904-05-01,10.84,0.29,16.92,0.52,4.64,0.31,15.57,0.13
1904-06-01,13.01,0.25,19.09,0.53,6.78,0.30,16.21,0.13
1904-07-01,13.84,0.30,19.68,0.65,7.78,0.34,16.53,0.13
1904-08-01,13.46,0.33,19.52,0.45,7.46,0.32,16.40,0.14
1904-09-01,11.38,0.27,17.47,0.39,5.36,0.25,15.77,0.13
1904-10-01,8.83,0.21,14.90,0.60,3.13,0.31,14.95,0.12
1904-11-01,6.23,0.22,12.00,0.30,0.56,0.34,14.14,0.12
1904-12-01,3.37,0.29,9.21,0.46,-2.07,0.45,13.43,0.13
1905-01-01,2.25,0.34,8.02,0.48,-3.32,0.37,13.21,0.14
1905-02-01,1.93,0.30,7.73,0.28,-3.95,0.41,13.21,0.14
1905-03-01,4.63,0.23,10.47,0.52,-1.31,0.38,14.04,0.12
1905-04-01,7.75,0.26,13.62,0.34,1.49,0.42,14.86,0.13
1905-05-01,10.98,0.28,16.95,0.38,4.82,0.45,15.79,0.13
1905-06-01,13.11,0.26,19.11,0.38,6.94,0.34,16.38,0.12
1905-07-01,14.08,0.31,19.88,0.44,8.04,0.34,16.65,0.13
1905-08-01,13.58,0.33,19.62,0.37,7.72,0.34,16.56,0.13
1905-09-01,11.80,0.25,17.68,0.36,5.93,0.31,16.00,0.12
1905-10-01,9.04,0.24,14.87,0.28,3.12,0.39,15.09,0.12
1905-11-01,6.18,0.28,11.98,0.28,0.57,0.40,14.23,0.13
1905-12-01,3.35,0.26,9.06,0.33,-1.93,0.37,13.45,0.12
1906-01-01,2.07,0.31,8.09,0.42,-3.64,0.29,13.25,0.14
1906-02-01,2.30,0.32,8.12,0.39,-3.34,0.34,13.50,0.14
1906-03-01,4.87,0.20,11.01,0.26,-1.23,0.35,14.24,0.12
1906-04-01,8.63,0.24,14.79,0.58,2.42,0.38,15.23,0.12
1906-05-01,11.24,0.29,17.15,0.44,4.92,0.43,15.77,0.13
1906-06-01,13.33,0.29,19.29,0.32,7.28,0.32,16.44,0.13
1906-07-01,14.12,0.32,20.06,0.39,8.19,0.34,16.66,0.14
1906-08-01,13.69,0.34,19.54,0.46,7.84,0.36,16.59,0.13
1906-09-01,11.77,0.24,17.52,0.30,5.88,0.34,15.95,0.12
1906-10-01,9.27,0.18,14.94,0.25,3.48,0.30,15.15,0.12
1906-11-01,5.50,0.19,11.17,0.33,-0.30,0.32,14.05,0.12
1906-12-01,3.76,0.37,9.26,0.46,-1.66,0.32,13.54,0.15
1907-01-01,1.80,0.27,7.90,0.38,-3.87,0.32,13.11,0.13
1907-02-01,2.12,0.27,7.99,0.38,-3.60,0.28,13.26,0.13
1907-03-01,4.58,0.21,10.61,0.35,-1.60,0.25,14.15,0.12
1907-04-01,7.58,0.26,13.40,0.37,1.52,0.28,14.92,0.13
1907-05-01,10.38,0.28,16.34,0.47,4.08,0.35,15.60,0.13
1907-06-01,12.73,0.27,18.58,0.40,6.51,0.32,16.25,0.13
1907-07-01,13.77,0.31,19.63,0.60,7.76,0.35,16.60,0.13
1907-08-01,13.36,0.33,19.19,0.32,7.46,0.35,16.46,0.13
1907-09-01,11.66,0.24,17.44,0.25,5.59,0.30,15.90,0.12
1907-10-01,9.23,0.19,15.08,0.28,3.32,0.36,15.16,0.12
1907-11-01,5.21,0.21,10.71,0.31,-0.56,0.33,13.87,0.12
1907-12-01,2.96,0.25,8.83,0.27,-2.58,0.29,13.22,0.12
1908-01-01,2.30,0.25,8.12,0.30,-3.55,0.29,13.16,0.12
1908-02-01,2.77,0.27,8.53,0.41,-3.18,0.35,13.44,0.12
1908-03-01,4.14,0.32,10.38,0.38,-2.10,0.45,13.78,0.14
1908-04-01,7.83,0.29,13.85,0.33,1.74,0.54,14.80,0.13
1908-05-01,11.14,0.28,16.96,0.39,4.86,0.39,15.76,0.13
1908-06-01,13.29,0.25,19.06,0.39,6.90,0.29,16.29,0.12
1908-07-01,14.20,0.30,19.75,0.42,8.11,0.37,16.62,0.13
1908-08-01,13.38,0.34,19.36,0.36,7.50,0.35,16.37,0.13
1908-09-01,11.98,0.25,17.78,0.33,5.98,0.26,15.93,0.12
1908-10-01,8.87,0.21,14.68,0.29,2.95,0.33,14.88,0.11
1908-11-01,5.27,0.22,11.10,0.30,-0.58,0.45,13.84,0.12
1908-12-01,3.07,0.31,8.90,0.33,-2.54,0.37,13.19,0.13
1909-01-01,1.40,0.31,7.12,0.38,-4.30,0.45,12.84,0.13
1909-02-01,2.71,0.27,8.57,0.47,-3.45,0.36,13.35,0.12
1909-03-01,4.59,0.25,10.66,0.47,-1.68,0.48,13.85,0.12
1909-04-01,7.53,0.27,13.43,0.41,1.40,0.42,14.72,0.12
1909-05-01,10.61,0.30,16.67,0.43,4.38,0.39,15.60,0.13
1909-06-01,12.96,0.23,18.71,0.28,6.77,0.33,16.19,0.11
1909-07-01,14.06,0.30,19.79,0.37,8.05,0.34,16.44,0.12
1909-08-01,13.75,0.32,19.62,0.35,7.75,0.37,16.50,0.13
1909-09-01,11.88,0.24,17.89,0.29,5.78,0.35,15.85,0.11
1909-10-01,9.19,0.18,15.14,0.33,3.22,0.34,14.94,0.10
1909-11-01,6.24,0.20,11.96,0.22,0.32,0.38,13.99,0.11
1909-12-01,3.22,0.28,8.76,0.42,-2.35,0.33,13.22,0.12
1910-01-01,2.33,0.24,8.09,0.56,-3.27,0.38,13.14,0.11
1910-02-01,2.78,0.27,8.39,0.34,-3.23,0.49,13.32,0.12
1910-03-01,4.61,0.21,10.78,0.33,-1.68,0.42,13.87,0.11
1910-04-01,8.10,0.25,14.37,0.30,1.70,0.42,14.85,0.12
1910-05-01,11.01,0.31,17.03,0.33,4.68,0.51,15.71,0.13
1910-06-01,13.15,0.23,19.03,0.25,6.87,0.42,16.26,0.11
1910-07-01,14.28,0.32,19.95,0.32,8.21,0.39,16.54,0.13
1910-08-01,13.68,0.32,19.43,0.30,7.61,0.40,16.48,0.13
1910-09-01,11.73,0.24,17.62,0.29,5.67,0.40,15.88,0.11
1910-10-01,9.01,0.20,14.90,0.24,2.99,0.38,15.02,0.10
1910-11-01,5.32,0.22,11.07,0.42,-0.65,0.43,13.75,0.11
1910-12-01,2.68,0.29,8.50,0.27,-3.00,0.46,13.02,0.12
1911-01-01,1.66,0.33,7.13,0.44,-3.97,0.28,12.91,0.13
1911-02-01,2.45,0.21,8.15,0.57,-3.66,0.32,13.16,0.11
1911-03-01,4.35,0.20,10.36,0.28,-1.74,0.32,13.75,0.11
1911-04-01,7.99,0.25,14.08,0.38,1.86,0.40,14.72,0.12
1911-05-01,10.83,0.28,16.71,0.37,4.63,0.31,15.50,0.12
1911-06-01,13.01,0.23,19.09,0.23,6.78,0.24,16.11,0.11
1911-07-01,14.08,0.29,19.99,0.34,8.05,0.33,16.43,0.12
1911-08-01,13.50,0.33,19.40,0.35,7.61,0.32,16.39,0.13
1911-09-01,11.64,0.23,17.49,0.24,5.72,0.27,15.80,0.12
1911-10-01,9.26,0.19,14.99,0.25,3.40,0.27,15.06,0.11
1911-11-01,5.96,0.18,11.65,0.30,0.31,0.34,14.06,0.11
1911-12-01,3.39,0.24,8.81,0.30,-1.98,0.34,13.43,0.12
1912-01-01,2.40,0.31,7.91,0.25,-3.31,0.33,13.25,0.12
1912-02-01,3.35,0.25,9.38,0.34,-2.72,0.59,13.60,0.12
1912-03-01,4.36,0.23,10.72,0.30,-1.98,0.35,13.99,0.12
1912-04-01,8.23,0.26,14.07,0.27,2.09,0.39,15.06,0.12
1912-05-01,11.25,0.31,17.39,0.38,4.99,0.38,15.81,0.13
1912-06-01,13.44,0.25,19.35,0.28,7.17,0.37,16.40,0.11
1912-07-01,13.72,0.29,19.73,0.37,7.92,0.34,16.51,0.12
1912-08-01,13.05,0.32,19.03,0.38,7.28,0.33,16.31,0.12
1912-09-01,11.22,0.25,17.44,0.33,5.23,0.27,15.69,0.12
1912-10-01,8.37,0.20,14.13,0.40,2.50,0.21,14.75,0.11
1912-11-01,5.52,0.19,11.19,0.34,-0.29,0.29,13.93,0.11
1912-12-01,3.07,0.24,8.31,0.34,-2.46,0.34,13.23,0.11
1913-01-01,2.08,0.29,7.65,0.44,-3.66,0.40,13.07,0.12
1913-02-01,2.38,0.29,8.23,0.33,-3.49,0.52,13.34,0.12
1913-03-01,4.52,0.22,10.40,0.27,-1.60,0.34,13.95,0.11
1913-04-01,8.02,0.25,14.22,0.35,1.91,0.33,14.96,0.12
1913-05-01,10.74,0.29,16.82,0.35,4.65,0.36,15.68,0.12
1913-06-01,13.01,0.27,19.07,0.37,6.67,0.36,16.22,0.12
1913-07-01,14.14,0.30,20.26,0.33,7.97,0.35,16.55,0.12
1913-08-01,13.72,0.33,19.80,0.36,7.73,0.37,16.50,0.13
1913-09-01,11.76,0.24,17.83,0.33,5.63,0.29,15.87,0.11
1913-10-01,9.08,0.19,14.90,0.26,3.09,0.33,15.03,0.10
1913-11-01,6.02,0.21,11.67,0.30,0.35,0.28,14.12,0.11
1913-12-01,4.10,0.27,9.56,0.44,-1.43,0.29,13.62,0.12
1914-01-01,3.38,0.31,8.82,0.37,-2.33,0.30,13.54,0.13
1914-02-01,3.20,0.23,8.50,0.47,-2.55,0.34,13.58,0.11
1914-03-01,4.94,0.22,11.04,0.28,-1.31,0.29,14.10,0.12
1914-04-01,8.10,0.24,14.05,0.26,1.89,0.30,15.02,0.12
1914-05-01,11.28,0.28,17.20,0.30,5.23,0.33,15.86,0.13
1914-06-01,13.50,0.23,19.34,0.26,7.22,0.26,16.42,0.11
1914-07-01,14.30,0.31,20.07,0.31,8.18,0.34,16.65,0.13
1914-08-01,13.73,0.32,19.69,0.32,7.87,0.32,16.69,0.13
1914-09-01,11.91,0.23,17.75,0.23,5.87,0.24,16.07,0.14
1914-10-01,9.39,0.18,15.27,0.24,3.57,0.26,15.22,0.12
1914-11-01,5.76,0.20,11.29,0.40,0.24,0.33,14.15,0.12
1914-12-01,3.60,0.28,8.76,0.37,-1.62,0.33,13.60,0.14
1915-01-01,2.30,0.25,7.90,0.37,-3.42,0.33,13.32,0.13
1915-02-01,3.27,0.26,8.93,0.42,-2.52,0.38,13.68,0.14
1915-03-01,5.14,0.21,11.02,0.27,-1.11,0.35,14.32,0.13
1915-04-01,8.71,0.25,14.61,0.34,2.75,0.32,15.29,0.14
1915-05-01,11.49,0.29,17.14,0.33,5.37,0.42,16.07,0.14
1915-06-01,13.30,0.25,19.19,0.29,7.15,0.29,16.45,0.13
1915-07-01,14.44,0.29,20.55,0.69,8.46,0.31,16.82,0.14
1915-08-01,13.77,0.33,20.00,0.58,7.76,0.33,16.80,0.14
1915-09-01,11.87,0.26,17.81,0.54,6.04,0.34,16.10,0.14
1915-10-01,8.98,0.19,14.86,0.30,3.02,0.36,15.09,0.12
1915-11-01,6.22,0.18,12.16,0.34,0.30,0.33,14.25,0.13
1915-12-01,3.63,0.20,9.52,0.33,-2.07,0.38,13.54,0.13
1916-01-01,2.62,0.24,8.31,0.30,-2.93,0.36,13.29,0.13
1916-02-01,2.96,0.26,8.86,0.29,-3.02,0.37,13.58,0.13
1916-03-01,4.85,0.31,10.96,0.31,-1.58,0.32,14.12,0.14
1916-04-01,8.05,0.26,14.10,0.27,1.92,0.34,14.97,0.13
1916-05-01,10.97,0.29,17.08,0.37,4.79,0.46,15.78,0.14
1916-06-01,12.94,0.23,18.91,0.36,6.87,0.38,16.29,0.13
1916-07-01,14.05,0.30,20.01,0.33,8.18,0.35,16.60,0.14
1916-08-01,13.58,0.32,19.48,0.35,7.75,0.34,16.51,0.14
1916-09-01,11.73,0.25,17.63,0.30,5.72,0.31,15.93,0.13
1916-10-01,9.05,0.22,14.76,0.30,3.16,0.20,14.92,0.13
1916-11-01,5.60,0.21,11.22,0.30,-0.31,0.26,13.81,0.13
1916-12-01,2.32,0.23,7.84,0.41,-3.40,0.25,13.01,0.13
1917-01-01,2.13,0.25,7.85,0.36,-3.78,0.27,12.84,0.14
1917-02-01,2.36,0.31,8.33,0.40,-3.77,0.31,13.10,0.15
1917-03-01,4.49,0.23,10.55,0.23,-1.98,0.27,13.80,0.14
1917-04-01,7.85,0.27,13.93,0.23,1.69,0.32,14.81,0.14
1917-05-01,10.44,0.29,16.42,0.34,4.31,0.37,15.54,0.14
1917-06-01,12.91,0.24,18.89,0.30,6.79,0.33,16.24,0.13
1917-07-01,14.26,0.30,20.08,0.37,8.38,0.34,16.71,0.14
1917-08-01,13.47,0.32,19.57,0.51,7.54,0.35,16.58,0.15
1917-09-01,11.74,0.24,17.67,0.28,5.80,0.31,16.06,0.14
1917-10-01,8.54,0.17,14.43,0.28,2.64,0.30,14.94,0.13
1917-11-01,5.82,0.23,11.69,0.25,0.06,0.27,14.00,0.14
1917-12-01,2.25,0.27,7.70,0.28,-3.43,0.33,13.10,0.14
1918-01-01,1.93,0.25,7.55,0.26,-3.80,0.37,13.13,0.14
1918-02-01,2.46,0.34,8.26,0.31,-3.57,0.34,13.31,0.16
1918-03-01,4.81,0.26,10.70,0.20,-1.27,0.31,14.03,0.15
1918-04-01,7.64,0.26,13.71,0.26,1.43,0.38,14.79,0.15
1918-05-01,10.54,0.30,16.48,0.33,4.39,0.36,15.73,0.16
1918-06-01,12.91,0.24,18.73,0.34,6.77,0.41,16.31,0.14
1918-07-01,14.00,0.30,19.92,0.37,7.90,0.38,16.60,0.15
1918-08-01,13.43,0.33,19.33,0.33,7.49,0.38,16.55,0.15
1918-09-01,11.88,0.26,18.00,0.24,5.80,0.29,16.07,0.15
1918-10-01,9.43,0.21,15.33,0.24,3.58,0.50,15.25,0.14
1918-11-01,5.68,0.23,11.27,0.20,0.14,0.35,14.30,0.15
1918-12-01,2.85,0.24,8.27,0.36,-2.63,0.38,13.44,0.15
1919-01-01,2.18,0.25,7.65,0.38,-3.40,0.45,13.31,0.15
1919-02-01,2.85,0.28,8.63,0.43,-3.00,0.45,13.68,0.15
1919-03-01,4.74,0.27,10.71,0.28,-1.55,0.35,14.22,0.15
1919-04-01,8.49,0.29,14.41,0.35,2.44,0.39,15.25,0.15
1919-05-01,10.97,0.29,16.70,0.38,4.88,0.38,15.85,0.14
1919-06-01,13.23,0.24,19.02,0.43,7.10,0.34,16.38,0.13
1919-07-01,14.27,0.30,20.15,0.44,8.26,0.41,16.58,0.14
1919-08-01,13.79,0.34,19.80,0.37,7.84,0.33,16.50,0.15
1919-09-01,11.99,0.25,17.89,0.35,6.13,0.26,16.02,0.14
1919-10-01,9.36,0.22,15.01,0.20,3.52,0.24,15.12,0.13
1919-11-01,5.49,0.23,11.16,0.18,-0.43,0.20,13.91,0.14
1919-12-01,3.22,0.24,8.76,0.30,-2.40,0.27,13.26,0.14
1920-01-01,2.84,0.25,8.44,0.43,-2.94,0.33,13.26,0.14
1920-02-01,2.75,0.27,8.27,0.50,-3.11,0.29,13.35,0.14
1920-03-01,5.23,0.23,11.03,0.30,-0.78,0.29,14.25,0.14
1920-04-01,8.29,0.27,14.14,0.30,2.16,0.42,15.08,0.14
1920-05-01,11.13,0.31,17.14,0.47,5.13,0.35,15.86,0.14
1920-06-01,13.11,0.24,18.90,0.34,7.06,0.30,16.42,0.13
1920-07-01,14.24,0.30,20.12,0.48,8.30,0.36,16.69,0.14
1920-08-01,13.70,0.34,19.65,0.30,7.77,0.34,16.63,0.14
1920-09-01,11.79,0.26,17.81,0.26,5.85,0.30,16.12,0.13
1920-10-01,9.02,0.21,14.85,0.30,3.10,0.27,15.21,0.12
1920-11-01,5.57,0.23,11.13,0.24,-0.12,0.28,14.16,0.13
1920-12-01,2.63,0.23,8.22,0.31,-3.06,0.40,13.31,0.13
1921-01-01,2.98,0.32,8.74,0.32,-2.71,0.34,13.44,0.15
1921-02-01,3.12,0.24,9.17,0.41,-2.82,0.28,13.62,0.13
1921-03-01,5.08,0.28,10.93,0.36,-0.93,0.32,14.13,0.14
1921-04-01,8.32,0.26,14.33,0.25,2.25,0.34,15.01,0.13
1921-05-01,11.24,0.28,17.26,0.31,5.15,0.39,15.83,0.13
1921-06-01,13.44,0.24,19.36,0.30,7.38,0.37,16.49,0.12
1921-07-01,14.44,0.30,20.42,0.30,8.42,0.39,16.78,0.14
1921-08-01,13.56,0.33,19.47,0.31,7.60,0.37,16.62,0.14
1921-09-01,11.87,0.24,17.79,0.22,6.00,0.23,16.17,0.12
1921-10-01,9.26,0.19,15.12,0.25,3.45,0.24,15.29,0.12
1921-11-01,5.86,0.20,11.36,0.22,0.20,0.24,14.24,0.12
1921-12-01,3.66,0.21,9.16,0.24,-1.87,0.27,13.63,0.12
1922-01-01,2.15,0.21,7.60,0.52,-3.43,0.39,13.18,0.12
1922-02-01,2.38,0.27,8.23,0.53,-3.68,0.43,13.45,0.13
1922-03-01,5.16,0.22,11.25,0.28,-1.19,0.26,14.24,0.12
1922-04-01,8.38,0.28,14.52,0.23,2.16,0.32,15.17,0.13
1922-05-01,11.10,0.28,16.91,0.37,4.98,0.36,15.78,0.13
1922-06-01,13.33,0.24,19.15,0.30,7.27,0.24,16.41,0.12
1922-07-01,14.28,0.31,20.10,0.30,8.24,0.35,16.75,0.13
1922-08-01,13.58,0.33,19.48,0.32,7.60,0.30,16.53,0.13
1922-09-01,11.78,0.26,17.66,0.23,5.75,0.27,15.98,0.12
1922-10-01,9.06,0.22,14.97,0.20,3.13,0.27,15.04,0.12
1922-11-01,6.05,0.25,11.62,0.26,0.23,0.28,14.12,0.12
1922-12-01,3.67,0.23,8.97,0.24,-1.86,0.29,13.50,0.12
1923-01-01,2.49,0.28,8.21,0.26,-3.20,0.35,13.24,0.13
1923-02-01,2.56,0.26,8.30,0.32,-3.17,0.26,13.36,0.12
1923-03-01,4.87,0.23,10.79,0.19,-1.26,0.25,14.05,0.12
1923-04-01,7.75,0.24,13.64,0.28,1.60,0.31,14.96,0.12
1923-05-01,10.85,0.29,16.83,0.35,4.79,0.39,15.72,0.13
1923-06-01,13.30,0.26,19.06,0.23,7.14,0.28,16.45,0.12
1923-07-01,13.98,0.30,19.81,0.32,8.01,0.34,16.63,0.13
1923-08-01,13.61,0.34,19.45,0.33,7.64,0.30,16.54,0.14
1923-09-01,11.88,0.26,17.78,0.29,5.82,0.23,15.99,0.12
1923-10-01,9.52,0.19,15.19,0.34,3.52,0.23,15.25,0.11
1923-11-01,6.38,0.18,11.87,0.22,0.47,0.23,14.40,0.11
1923-12-01,3.88,0.22,9.27,0.28,-1.90,0.31,13.74,0.12
1924-01-01,2.34,0.29,7.91,0.30,-3.50,0.38,13.30,0.13
1924-02-01,2.89,0.29,8.61,0.47,-3.03,0.38,13.59,0.13
1924-03-01,5.35,0.21,11.24,0.18,-0.81,0.26,14.32,0.12
1924-04-01,7.97,0.27,13.86,0.27,1.72,0.30,15.08,0.13
1924-05-01,11.19,0.30,17.19,0.31,4.91,0.33,15.92,0.13
1924-06-01,13.34,0.24,19.20,0.28,7.09,0.24,16.46,0.12
1924-07-01,14.30,0.31,20.06,0.32,8.16,0.33,16.72,0.13
1924-08-01,13.65,0.33,19.52,0.31,7.58,0.34,16.56,0.13
1924-09-01,11.96,0.23,17.78,0.22,6.02,0.25,16.00,0.12
1924-10-01,9.20,0.18,14.90,0.24,3.29,0.22,15.04,0.12
1924-11-01,6.40,0.20,11.79,0.19,0.66,0.19,14.13,0.12
1924-12-01,3.48,0.24,8.64,0.25,-2.02,0.31,13.34,0.12
1925-01-01,2.27,0.23,7.48,0.29,-3.18,0.28,13.16,0.12
1925-02-01,2.70,0.24,8.51,0.25,-3.31,0.34,13.36,0.12
1925-03-01,5.13,0.22,11.13,0.21,-1.14,0.25,14.15,0.12
1925-04-01,8.44,0.24,14.54,0.27,2.18,0.32,15.01,0.12
1925-05-01,11.04,0.29,17.03,0.32,4.83,0.31,15.86,0.13
1925-06-01,13.09,0.22,19.04,0.28,6.88,0.28,16.41,0.12
1925-07-01,14.07,0.30,19.97,0.28,8.05,0.31,16.74,0.13
1925-08-01,13.77,0.32,19.74,0.29,7.72,0.37,16.72,0.14
1925-09-01,11.98,0.23,17.87,0.24,6.01,0.22,16.14,0.13
1925-10-01,9.20,0.19,14.89,0.19,3.29,0.25,15.22,0.12
1925-11-01,6.34,0.20,11.91,0.19,0.65,0.27,14.42,0.12
1925-12-01,4.40,0.21,10.01,0.24,-1.47,0.30,13.90,0.12
1926-01-01,3.45,0.26,8.79,0.28,-2.22,0.23,13.74,0.13
1926-02-01,3.72,0.21,9.50,0.25,-2.31,0.31,13.84,0.12
1926-03-01,5.83,0.18,11.59,0.20,-0.23,0.26,14.54,0.12
1926-04-01,8.19,0.26,14.10,0.30,2.01,0.30,15.21,0.13
1926-05-01,10.93,0.29,16.69,0.30,4.81,0.34,15.93,0.13
1926-06-01,13.29,0.23,19.21,0.23,7.08,0.26,16.58,0.12
1926-07-01,14.17,0.29,20.00,0.30,8.06,0.33,16.77,0.13
1926-08-01,13.88,0.32,19.70,0.30,7.92,0.34,16.80,0.14
1926-09-01,12.07,0.24,17.82,0.23,6.15,0.26,16.22,0.12
1926-10-01,9.55,0.20,15.47,0.19,3.60,0.24,15.37,0.12
1926-11-01,6.30,0.21,11.94,0.24,0.62,0.25,14.35,0.12
1926-12-01,3.37,0.22,8.63,0.25,-2.25,0.26,13.54,0.12
1927-01-01,2.37,0.27,7.93,0.23,-3.51,0.25,13.32,0.13
1927-02-01,3.04,0.24,8.67,0.25,-2.87,0.32,13.65,0.12
1927-03-01,4.67,0.22,10.56,0.23,-1.50,0.31,14.08,0.12
1927-04-01,8.04,0.24,14.01,0.26,1.85,0.37,15.04,0.12
1927-05-01,11.10,0.30,17.00,0.28,4.87,0.32,15.87,0.13
1927-06-01,13.27,0.23,19.14,0.24,7.11,0.27,16.44,0.11
1927-07-01,14.32,0.30,20.24,0.26,8.28,0.33,16.81,0.13
1927-08-01,13.70,0.34,19.53,0.30,7.70,0.31,16.74,0.14
1927-09-01,12.25,0.24,18.11,0.21,6.26,0.25,16.22,0.12
1927-10-01,9.89,0.20,15.63,0.20,4.02,0.27,15.44,0.11
1927-11-01,6.35,0.19,12.07,0.22,0.60,0.27,14.34,0.11
1927-12-01,3.27,0.21,8.69,0.30,-2.39,0.28,13.49,0.12
1928-01-01,3.05,0.21,8.29,0.23,-2.63,0.29,13.64,0.12
1928-02-01,3.33,0.24,9.04,0.32,-2.61,0.30,13.72,0.12
1928-03-01,4.96,0.19,10.89,0.23,-1.25,0.30,14.23,0.12
1928-04-01,8.24,0.28,14.19,0.22,2.05,0.30,15.13,0.13
1928-05-01,11.17,0.32,17.06,0.27,4.98,0.34,15.88,0.13
1928-06-01,13.11,0.24,18.86,0.25,7.04,0.27,16.36,0.12
1928-07-01,14.31,0.30,20.00,0.30,8.19,0.30,16.80,0.13
1928-08-01,13.69,0.33,19.52,0.30,7.80,0.32,16.70,0.13
1928-09-01,12.03,0.23,17.98,0.22,6.02,0.24,16.07,0.12
1928-10-01,9.49,0.19,15.39,0.19,3.55,0.21,15.23,0.11
1928-11-01,6.34,0.23,11.93,0.18,0.63,0.24,14.28,0.12
1928-12-01,3.87,0.22,9.19,0.26,-1.75,0.26,13.57,0.12
1929-01-01,2.05,0.29,7.48,0.30,-3.66,0.27,13.14,0.13
1929-02-01,2.17,0.23,7.84,0.22,-3.88,0.27,13.24,0.12
1929-03-01,5.10,0.19,10.98,0.23,-1.13,0.29,14.08,0.12
1929-04-01,8.09,0.27,14.08,0.29,1.84,0.28,14.99,0.13
1929-05-01,10.91,0.29,16.91,0.26,4.78,0.33,15.72,0.13
1929-06-01,12.93,0.23,18.65,0.26,6.91,0.29,16.33,0.12
1929-07-01,13.96,0.31,19.65,0.31,8.01,0.32,16.59,0.13
1929-08-01,13.68,0.33,19.55,0.30,7.70,0.33,16.67,0.14
1929-09-01,11.81,0.26,17.60,0.20,5.93,0.24,16.09,0.13
1929-10-01,9.46,0.20,15.22,0.18,3.69,0.23,15.25,0.11
1929-11-01,6.17,0.21,11.76,0.17,0.38,0.21,14.31,0.12
1929-12-01,2.57,0.22,7.77,0.22,-2.95,0.24,13.21,0.12
1930-01-01,2.40,0.23,7.67,0.22,-3.17,0.34,13.26,0.13
1930-02-01,3.15,0.24,8.90,0.25,-2.85,0.25,13.54,0.13
1930-03-01,5.48,0.19,11.54,0.27,-0.57,0.21,14.33,0.13
1930-04-01,8.18,0.24,14.02,0.25,2.07,0.27,15.08,0.12
1930-05-01,11.11,0.29,16.87,0.27,5.02,0.31,15.91,0.13
1930-06-01,13.35,0.23,19.07,0.26,7.29,0.31,16.47,0.12
1930-07-01,14.46,0.30,20.25,0.27,8.41,0.29,16.85,0.14
1930-08-01,13.93,0.33,19.80,0.29,8.00,0.30,16.79,0.15
1930-09-01,11.87,0.25,17.75,0.20,5.93,0.24,16.25,0.13
1930-10-01,9.26,0.19,14.94,0.20,3.59,0.25,15.36,0.12
1930-11-01,6.57,0.20,12.03,0.19,0.89,0.21,14.51,0.13
1930-12-01,3.83,0.19,9.07,0.24,-1.74,0.24,13.72,0.12
1931-01-01,2.76,0.23,8.06,0.34,-2.90,0.25,13.53,0.13
1931-02-01,2.71,0.22,8.22,0.23,-3.12,0.24,13.62,0.12
1931-03-01,5.22,0.19,11.19,0.15,-1.01,0.24,14.35,0.13
1931-04-01,8.16,0.23,14.08,0.23,2.02,0.29,15.12,0.13
1931-05-01,11.02,0.28,16.80,0.27,4.95,0.33,15.87,0.13
1931-06-01,13.57,0.24,19.42,0.22,7.49,0.26,16.63,0.13
1931-07-01,14.58,0.30,20.40,0.28,8.66,0.33,16.97,0.14
1931-08-01,14.12,0.33,19.96,0.29,8.19,0.33,16.89,0.14
1931-09-01,12.28,0.25,18.08,0.20,6.49,0.24,16.29,0.13
1931-10-01,9.94,0.20,15.72,0.17,4.07,0.24,15.45,0.12
1931-11-01,6.24,0.20,11.63,0.19,0.54,0.27,14.32,0.12
1931-12-01,4.03,0.19,9.48,0.18,-1.57,0.26,13.71,0.12
1932-01-01,3.60,0.22,9.16,0.25,-2.05,0.28,13.69,0.13
1932-02-01,2.99,0.22,8.80,0.22,-3.23,0.21,13.66,0.12
1932-03-01,4.94,0.20,10.93,0.17,-1.16,0.24,14.25,0.13
1932-04-01,8.77,0.26,14.64,0.22,2.60,0.27,15.34,0.13
1932-05-01,11.24,0.30,16.87,0.25,5.23,0.34,16.02,0.13
1932-06-01,13.38,0.26,19.11,0.22,7.26,0.25,16.50,0.13
1932-07-01,14.37,0.31,20.09,0.29,8.42,0.34,16.85,0.14
1932-08-01,13.74,0.33,19.50,0.28,7.92,0.33,16.68,0.14
1932-09-01,12.31,0.27,18.22,0.21,6.34,0.23,16.26,0.13
1932-10-01,9.68,0.23,15.42,0.16,3.90,0.24,15.28,0.12
1932-11-01,5.91,0.19,11.55,0.20,0.01,0.28,14.18,0.12
1932-12-01,3.53,0.20,8.89,0.21,-2.07,0.27,13.56,0.12
1933-01-01,2.17,0.23,7.38,0.21,-3.45,0.28,13.26,0.13
1933-02-01,2.66,0.21,8.35,0.30,-3.32,0.30,13.51,0.12
1933-03-01,4.87,0.18,10.77,0.19,-1.27,0.31,14.13,0.12
1933-04-01,8.12,0.27,14.05,0.26,2.00,0.29,15.04,0.13
1933-05-01,11.05,0.29,16.85,0.27,4.99,0.30,15.82,0.13
1933-06-01,13.11,0.24,19.04,0.25,7.00,0.31,16.34,0.13
1933-07-01,14.24,0.30,20.04,0.28,8.29,0.29,16.70,0.14
1933-08-01,13.76,0.32,19.64,0.30,7.86,0.32,16.70,0.14
1933-09-01,11.85,0.24,17.63,0.20,6.05,0.26,16.02,0.13
1933-10-01,9.24,0.23,15.17,0.17,3.37,0.25,15.14,0.12
1933-11-01,5.89,0.20,11.58,0.23,0.09,0.25,14.13,0.12
1933-12-01,3.10,0.19,8.46,0.23,-2.53,0.23,13.35,0.12
1934-01-01,2.48,0.23,7.99,0.22,-3.13,0.27,13.28,0.12
1934-02-01,3.70,0.25,9.50,0.24,-2.19,0.36,13.70,0.12
1934-03-01,4.82,0.20,10.84,0.19,-1.38,0.22,14.07,0.12
1934-04-01,8.02,0.26,14.00,0.24,1.85,0.29,15.02,0.13
1934-05-01,11.48,0.28,17.53,0.27,5.26,0.31,15.95,0.13
1934-06-01,13.40,0.24,19.18,0.25,7.42,0.27,16.58,0.12
1934-07-01,14.34,0.30,20.14,0.29,8.47,0.32,16.85,0.13
1934-08-01,13.78,0.32,19.53,0.29,8.01,0.34,16.74,0.14
1934-09-01,11.73,0.24,17.51,0.22,5.90,0.26,16.13,0.12
1934-10-01,9.42,0.19,15.37,0.18,3.63,0.21,15.33,0.12
1934-11-01,6.40,0.18,11.74,0.18,0.98,0.23,14.41,0.11
1934-12-01,3.98,0.19,9.28,0.24,-1.62,0.22,13.67,0.12
1935-01-01,2.18,0.20,7.74,0.22,-3.62,0.25,13.30,0.12
1935-02-01,4.12,0.22,9.94,0.21,-1.72,0.24,13.86,0.12
1935-03-01,5.40,0.19,11.34,0.20,-0.80,0.20,14.27,0.12
1935-04-01,7.77,0.26,13.81,0.25,1.55,0.27,15.01,0.13
1935-05-01,10.91,0.28,16.88,0.26,4.76,0.31,15.85,0.13
1935-06-01,13.33,0.23,19.10,0.23,7.19,0.25,16.50,0.12
1935-07-01,14.33,0.29,20.17,0.31,8.44,0.30,16.85,0.13
1935-08-01,13.78,0.33,19.66,0.30,7.83,0.33,16.71,0.14
1935-09-01,12.00,0.24,17.90,0.21,6.04,0.25,16.14,0.12
1935-10-01,9.52,0.20,15.38,0.17,3.70,0.23,15.31,0.11
1935-11-01,5.44,0.19,10.85,0.20,-0.23,0.25,14.07,0.12
1935-12-01,3.42,0.21,8.68,0.23,-2.09,0.28,13.55,0.12
1936-01-01,2.25,0.22,7.81,0.20,-3.53,0.24,13.26,0.12
1936-02-01,2.51,0.24,8.25,0.29,-3.46,0.25,13.53,0.12
1936-03-01,5.03,0.19,11.03,0.20,-1.15,0.22,14.21,0.12
1936-04-01,8.13,0.26,14.08,0.25,1.98,0.25,15.09,0.12
1936-05-01,11.25,0.28,17.08,0.28,5.23,0.30,15.94,0.12
1936-06-01,13.36,0.24,19.17,0.24,7.29,0.28,16.52,0.12
1936-07-01,14.63,0.30,20.44,0.28,8.70,0.29,16.93,0.13
1936-08-01,13.86,0.33,19.69,0.29,7.93,0.32,16.81,0.13
1936-09-01,12.02,0.25,17.91,0.21,6.06,0.22,16.19,0.12
1936-10-01,9.46,0.22,15.32,0.21,3.66,0.23,15.41,0.12
1936-11-01,6.23,0.19,11.81,0.20,0.41,0.21,14.34,0.11
1936-12-01,3.92,0.21,9.18,0.22,-1.44,0.25,13.77,0.12
1937-01-01,2.45,0.20,7.88,0.24,-3.22,0.26,13.42,0.12
1937-02-01,3.55,0.22,9.24,0.26,-2.39,0.22,13.90,0.12
1937-03-01,4.85,0.22,10.73,0.20,-1.41,0.24,14.28,0.12
1937-04-01,8.14,0.24,14.03,0.25,2.00,0.28,15.23,0.12
1937-05-01,11.42,0.29,17.36,0.27,5.17,0.30,16.05,0.12
1937-06-01,13.60,0.24,19.56,0.23,7.45,0.25,16.68,0.12
1937-07-01,14.38,0.30,20.15,0.27,8.41,0.28,17.05,0.13
1937-08-01,14.01,0.33,19.85,0.32,8.14,0.29,16.94,0.14
1937-09-01,12.41,0.25,18.38,0.24,6.42,0.22,16.40,0.12
1937-10-01,9.73,0.20,15.63,0.21,4.00,0.24,15.52,0.11
1937-11-01,6.36,0.20,11.91,0.22,0.61,0.22,14.45,0.11
1937-12-01,3.48,0.21,9.00,0.24,-2.20,0.28,13.68,0.12
1938-01-01,2.91,0.19,8.42,0.22,-2.60,0.27,13.60,0.11
1938-02-01,3.42,0.23,9.14,0.26,-2.52,0.25,13.83,0.11
1938-03-01,5.65,0.19,11.62,0.17,-0.43,0.21,14.49,0.11
1938-04-01,8.91,0.25,14.98,0.24,2.97,0.25,15.36,0.12
1938-05-01,11.46,0.30,17.43,0.28,5.43,0.31,16.00,0.13
1938-06-01,13.32,0.24,18.99,0.22,7.42,0.26,16.61,0.12
1938-07-01,14.48,0.29,20.25,0.29,8.61,0.31,16.87,0.13
1938-08-01,13.96,0.33,19.85,0.31,8.10,0.33,16.90,0.13
1938-09-01,12.43,0.25,18.31,0.21,6.47,0.24,16.37,0.12
1938-10-01,9.78,0.19,15.73,0.17,3.98,0.25,15.53,0.11
1938-11-01,6.53,0.21,12.16,0.20,0.97,0.26,14.41,0.11
1938-12-01,3.51,0.21,8.92,0.25,-2.00,0.29,13.56,0.12
1939-01-01,2.93,0.20,8.53,0.27,-2.77,0.24,13.54,0.11
1939-02-01,3.23,0.20,9.05,0.23,-2.54,0.22,13.76,0.11
1939-03-01,4.93,0.20,10.84,0.19,-1.10,0.22,14.27,0.11
1939-04-01,8.33,0.25,14.44,0.23,2.27,0.25,15.30,0.12
1939-05-01,11.52,0.30,17.49,0.28,5.36,0.29,16.17,0.13
1939-06-01,13.53,0.26,19.47,0.24,7.51,0.27,16.71,0.12
1939-07-01,14.39,0.29,20.26,0.30,8.62,0.34,16.99,0.13
1939-08-01,13.93,0.32,19.81,0.30,8.01,0.32,16.89,0.14
1939-09-01,11.96,0.25,17.92,0.20,5.91,0.26,16.30,0.13
1939-10-01,9.22,0.18,14.96,0.18,3.48,0.21,15.23,0.12
1939-11-01,6.19,0.19,11.74,0.21,0.55,0.24,14.38,0.12
1939-12-01,4.96,0.21,10.63,0.25,-0.74,0.26,14.09,0.11
1940-01-01,2.33,0.20,7.94,0.22,-3.35,0.26,13.58,0.12
1940-02-01,3.42,0.20,9.25,0.24,-2.49,0.24,13.93,0.12
1940-03-01,5.42,0.18,11.40,0.17,-0.62,0.20,14.48,0.12
1940-04-01,8.76,0.25,14.79,0.25,2.72,0.26,15.45,0.12
1940-05-01,11.34,0.30,17.27,0.27,5.20,0.33,16.08,0.13
1940-06-01,13.58,0.23,19.50,0.21,7.53,0.25,16.73,0.12
1940-07-01,14.57,0.29,20.41,0.27,8.51,0.30,17.12,0.13
1940-08-01,13.81,0.32,19.66,0.29,7.94,0.31,16.95,0.13
1940-09-01,12.27,0.23,18.19,0.21,6.38,0.23,16.43,0.13
1940-10-01,9.46,0.19,15.27,0.22,3.76,0.23,15.38,0.12
1940-11-01,6.08,0.19,11.67,0.23,0.52,0.22,14.38,0.12
1940-12-01,4.13,0.19,9.59,0.23,-1.42,0.22,13.96,0.12
1941-01-01,2.74,0.20,8.35,0.21,-3.01,0.21,13.62,0.11
1941-02-01,3.67,0.20,9.44,0.25,-2.23,0.23,13.95,0.11
1941-03-01,5.21,0.19,11.15,0.20,-0.90,0.21,14.43,0.10
1941-04-01,8.57,0.24,14.43,0.24,2.62,0.26,15.41,0.11
1941-05-01,11.49,0.28,17.26,0.26,5.58,0.30,16.15,0.12
1941-06-01,13.63,0.23,19.45,0.22,7.70,0.26,16.75,0.11
1941-07-01,14.69,0.29,20.58,0.26,8.74,0.29,17.13,0.12
1941-08-01,14.03,0.32,19.85,0.29,8.13,0.33,16.91,0.13
1941-09-01,11.82,0.23,17.81,0.21,5.97,0.32,16.19,0.11
1941-10-01,9.71,0.17,15.50,0.18,3.99,0.25,15.63,0.11
1941-11-01,5.95,0.18,11.54,0.21,0.27,0.23,14.47,0.11
1941-12-01,3.71,0.19,9.08,0.23,-1.87,0.28,13.97,0.14
1942-01-01,3.10,0.22,8.71,0.21,-2.61,0.28,13.82,0.13
1942-02-01,2.86,0.20,8.54,0.25,-2.88,0.27,13.77,0.12
1942-03-01,5.31,0.19,11.26,0.19,-0.77,0.22,14.54,0.12
1942-04-01,8.42,0.24,14.45,0.24,2.40,0.31,15.31,0.13
1942-05-01,11.34,0.28,17.20,0.28,5.40,0.32,16.15,0.14
1942-06-01,13.58,0.22,19.42,0.23,7.72,0.30,16.73,0.13
1942-07-01,14.24,0.29,20.11,0.27,8.52,0.32,16.90,0.14
1942-08-01,13.79,0.32,19.60,0.31,8.04,0.32,16.77,0.15
1942-09-01,12.15,0.23,18.14,0.23,6.15,0.25,16.27,0.14
1942-10-01,9.63,0.19,15.45,0.20,3.86,0.23,15.36,0.13
1942-11-01,6.40,0.18,12.15,0.20,0.68,0.29,14.43,0.13
1942-12-01,3.94,0.19,9.37,0.26,-1.47,0.23,13.87,0.13
1943-01-01,2.40,0.20,8.02,0.22,-3.28,0.22,13.52,0.14
1943-02-01,3.51,0.20,9.47,0.23,-2.37,0.23,13.94,0.13
1943-03-01,5.14,0.18,11.12,0.20,-0.81,0.19,14.37,0.13
1943-04-01,8.64,0.24,14.65,0.22,2.72,0.25,15.34,0.14
1943-05-01,11.48,0.28,17.40,0.25,5.52,0.32,16.12,0.14
1943-06-01,13.16,0.23,19.04,0.23,7.31,0.22,16.60,0.13
1943-07-01,14.46,0.30,20.39,0.27,8.50,0.32,16.95,0.14
1943-08-01,13.77,0.31,19.68,0.28,7.99,0.30,16.91,0.14
1943-09-01,12.10,0.23,18.03,0.22,6.33,0.21,16.29,0.13
1943-10-01,9.91,0.18,15.86,0.19,4.07,0.20,15.62,0.13
1943-11-01,6.26,0.19,11.87,0.22,0.59,0.23,14.53,0.13
1943-12-01,4.23,0.19,9.71,0.20,-1.33,0.24,13.96,0.13
1944-01-01,3.50,0.18,9.04,0.21,-1.93,0.23,13.82,0.12
1944-02-01,3.59,0.22,9.41,0.21,-2.12,0.26,14.02,0.12
1944-03-01,5.53,0.20,11.52,0.17,-0.40,0.23,14.63,0.12
1944-04-01,8.43,0.24,14.58,0.22,2.34,0.25,15.43,0.13
1944-05-01,11.33,0.28,17.48,0.26,5.33,0.30,16.21,0.14
1944-06-01,13.48,0.22,19.51,0.25,7.49,0.23,16.77,0.12
1944-07-01,14.47,0.28,20.49,0.28,8.65,0.28,17.12,0.14
1944-08-01,14.02,0.31,20.11,0.28,8.08,0.30,17.12,0.14
1944-09-01,12.45,0.23,18.45,0.20,6.61,0.21,16.47,0.13
1944-10-01,9.81,0.17,15.73,0.17,4.03,0.21,15.62,0.12
1944-11-01,6.09,0.18,11.52,0.22,0.61,0.24,14.40,0.12
1944-12-01,3.43,0.18,8.90,0.27,-1.97,0.22,13.77,0.13
1945-01-01,2.52,0.19,8.13,0.18,-2.91,0.23,13.59,0.12
1945-02-01,2.65,0.19,8.37,0.19,-3.04,0.25,13.75,0.12
1945-03-01,5.18,0.17,11.18,0.15,-0.90,0.24,14.46,0.12
1945-04-01,8.68,0.24,14.73,0.24,2.60,0.28,15.43,0.13
1945-05-01,11.10,0.27,17.21,0.30,5.01,0.31,16.06,0.14
1945-06-01,13.33,0.23,19.41,0.23,7.37,0.22,16.66,0.13
1945-07-01,14.21,0.29,20.14,0.27,8.35,0.27,16.91,0.14
1945-08-01,14.31,0.32,20.19,0.28,8.41,0.31,17.11,0.15
1945-09-01,12.22,0.23,18.08,0.20,6.41,0.30,16.36,0.13
1945-10-01,9.57,0.17,15.46,0.17,3.83,0.27,15.57,0.12
1945-11-01,6.07,0.17,11.70,0.18,0.47,0.22,14.45,0.12
1945-12-01,3.16,0.18,8.67,0.19,-2.34,0.22,13.62,0.12
1946-01-01,2.98,0.19,8.48,0.19,-2.55,0.26,13.64,0.13
1946-02-01,3.46,0.21,9.26,0.18,-2.39,0.23,13.82,0.13
1946-03-01,5.24,0.17,11.24,0.17,-0.84,0.22,14.51,0.12
1946-04-01,8.84,0.22,14.91,0.23,2.71,0.25,15.44,0.13
1946-05-01,11.36,0.27,17.28,0.25,5.32,0.31,15.99,0.14
1946-06-01,13.30,0.24,19.09,0.21,7.20,0.23,16.51,0.14
1946-07-01,14.41,0.29,20.27,0.27,8.43,0.28,16.94,0.14
1946-08-01,13.83,0.32,19.78,0.29,8.00,0.30,16.72,0.14
1946-09-01,12.06,0.23,17.92,0.20,6.26,0.23,16.25,0.14
1946-10-01,9.28,0.17,15.18,0.17,3.58,0.26,15.44,0.13
1946-11-01,6.24,0.18,11.86,0.19,0.55,0.24,14.36,0.12
1946-12-01,3.13,0.18,8.51,0.23,-2.31,0.25,13.53,0.12
1947-01-01,2.60,0.18,8.11,0.19,-2.99,0.24,13.53,0.12
1947-02-01,3.28,0.19,9.04,0.19,-2.67,0.26,13.83,0.12
1947-03-01,5.80,0.18,11.80,0.19,-0.37,0.24,14.54,0.12
1947-04-01,8.69,0.23,14.73,0.24,2.74,0.25,15.37,0.13
1947-05-01,11.33,0.27,17.27,0.26,5.26,0.30,16.09,0.14
1947-06-01,13.46,0.22,19.36,0.21,7.45,0.21,16.70,0.13
1947-07-01,14.35,0.28,20.13,0.27,8.35,0.29,16.97,0.14
1947-08-01,13.83,0.30,19.54,0.28,8.00,0.29,16.80,0.14
1947-09-01,12.17,0.22,17.96,0.19,6.36,0.22,16.26,0.13
1947-10-01,10.01,0.16,15.80,0.16,4.31,0.20,15.49,0.13
1947-11-01,6.41,0.19,11.93,0.21,0.91,0.25,14.44,0.13
1947-12-01,3.66,0.18,9.09,0.22,-1.78,0.24,13.69,0.13
1948-01-01,3.37,0.18,9.14,0.19,-2.35,0.19,13.67,0.12
1948-02-01,3.22,0.20,9.03,0.21,-2.61,0.23,13.69,0.12
1948-03-01,4.92,0.16,10.85,0.22,-1.04,0.20,14.28,0.12
1948-04-01,8.50,0.21,14.38,0.24,2.62,0.26,15.27,0.13
1948-05-01,11.54,0.26,17.59,0.27,5.52,0.29,16.17,0.14
1948-06-01,13.66,0.21,19.61,0.22,7.58,0.21,16.74,0.13
1948-07-01,14.45,0.28,20.33,0.28,8.62,0.28,16.94,0.14
1948-08-01,13.90,0.30,19.87,0.30,7.96,0.29,16.90,0.14
1948-09-01,12.15,0.22,18.22,0.22,6.21,0.23,16.24,0.13
1948-10-01,9.58,0.17,15.52,0.17,3.81,0.21,15.39,0.12
1948-11-01,6.19,0.16,11.85,0.25,0.69,0.25,14.30,0.13
1948-12-01,3.49,0.17,8.98,0.24,-2.03,0.21,13.54,0.13
1949-01-01,3.22,0.17,8.84,0.17,-2.43,0.21,13.70,0.10
1949-02-01,2.76,0.18,8.52,0.19,-3.00,0.26,13.69,0.10
1949-03-01,5.08,0.18,10.98,0.15,-0.77,0.21,14.32,0.10
1949-04-01,8.34,0.23,14.41,0.22,2.36,0.27,15.31,0.11
1949-05-01,11.31,0.26,17.20,0.26,5.44,0.28,16.06,0.12
1949-06-01,13.22,0.21,19.06,0.26,7.39,0.22,16.47,0.11
1949-07-01,14.20,0.27,20.13,0.29,8.30,0.28,16.81,0.12
1949-08-01,13.83,0.29,19.77,0.30,8.00,0.29,16.80,0.12
1949-09-01,11.96,0.21,17.97,0.20,6.05,0.21,16.18,0.11
1949-10-01,9.53,0.16,15.44,0.19,3.72,0.20,15.38,0.10
1949-11-01,6.15,0.16,11.82,0.21,0.45,0.22,14.33,0.10
1949-12-01,3.45,0.18,8.84,0.21,-1.89,0.24,13.63,0.10
1950-01-01,2.01,0.17,7.61,0.21,-3.62,0.24,13.31,0.10
1950-02-01,2.72,0.18,8.47,0.21,-3.01,0.22,13.55,0.10
1950-03-01,5.25,0.15,11.17,0.16,-0.69,0.20,14.30,0.10
1950-04-01,8.12,0.19,14.16,0.22,2.04,0.28,15.09,0.10
1950-05-01,11.30,0.22,17.25,0.26,5.42,0.29,16.03,0.11
1950-06-01,13.38,0.20,19.29,0.23,7.50,0.22,16.66,0.10
1950-07-01,14.14,0.24,19.88,0.28,8.42,0.29,16.98,0.12
1950-08-01,13.46,0.23,19.39,0.27,7.73,0.26,16.73,0.11
1950-09-01,11.95,0.20,17.74,0.21,6.21,0.21,16.12,0.11
1950-10-01,9.15,0.16,14.92,0.16,3.45,0.19,15.24,0.10
1950-11-01,5.37,0.14,11.08,0.19,-0.43,0.19,14.06,0.09
1950-12-01,3.53,0.15,9.12,0.20,-2.07,0.20,13.59,0.10
1951-01-01,2.14,0.13,7.77,0.18,-3.52,0.18,13.34,0.09
1951-02-01,2.33,0.15,8.16,0.23,-3.66,0.15,13.49,0.09
1951-03-01,5.09,0.14,11.07,0.16,-1.09,0.17,14.28,0.09
1951-04-01,8.37,0.17,14.54,0.18,2.19,0.21,15.20,0.10
1951-05-01,11.44,0.23,17.37,0.24,5.38,0.26,16.16,0.11
1951-06-01,13.25,0.24,19.16,0.21,7.31,0.19,16.77,0.11
1951-07-01,14.32,0.24,20.23,0.23,8.42,0.25,17.05,0.11
1951-08-01,14.02,0.25,19.81,0.28,8.03,0.30,17.08,0.11
1951-09-01,12.32,0.22,18.36,0.20,6.43,0.22,16.43,0.10
1951-10-01,9.67,0.12,15.15,0.12,4.05,0.16,15.53,0.09
1951-11-01,6.23,0.16,11.75,0.19,0.46,0.17,14.42,0.09
1951-12-01,4.33,0.15,9.79,0.20,-1.16,0.21,13.99,0.09
1952-01-01,3.05,0.14,8.66,0.17,-2.58,0.19,13.76,0.09
1952-02-01,3.40,0.18,9.11,0.20,-2.43,0.20,14.01,0.09
1952-03-01,4.97,0.17,10.96,0.18,-1.19,0.19,14.37,0.09
1952-04-01,8.46,0.23,14.56,0.23,2.44,0.23,15.36,0.10
1952-05-01,11.35,0.26,17.29,0.25,5.39,0.27,16.13,0.12
1952-06-01,13.44,0.22,19.43,0.24,7.63,0.22,16.75,0.10
1952-07-01,14.55,0.28,20.42,0.26,8.75,0.28,17.07,0.12
1952-08-01,13.96,0.30,19.75,0.28,8.16,0.30,16.95,0.12
1952-09-01,12.24,0.22,18.11,0.20,6.38,0.21,16.39,0.10
1952-10-01,9.16,0.17,15.03,0.17,3.29,0.19,15.43,0.10
1952-11-01,5.42,0.17,11.02,0.18,-0.16,0.18,14.33,0.09
1952-12-01,3.66,0.17,9.21,0.19,-1.85,0.19,13.79,0.09
1953-01-01,2.96,0.17,8.54,0.19,-2.63,0.20,13.64,0.09
1953-02-01,3.63,0.19,9.51,0.19,-2.18,0.19,14.02,0.09
1953-03-01,5.71,0.16,11.68,0.16,-0.22,0.18,14.56,0.09
1953-04-01,8.89,0.23,14.81,0.21,2.91,0.25,15.52,0.10
1953-05-01,11.51,0.26,17.36,0.25,5.53,0.29,16.27,0.11
1953-06-01,13.61,0.22,19.46,0.20,7.75,0.20,16.89,0.10
1953-07-01,14.39,0.28,20.25,0.26,8.56,0.27,17.09,0.12
1953-08-01,14.06,0.30,19.80,0.27,8.25,0.28,16.98,0.12
1953-09-01,12.20,0.22,18.15,0.19,6.29,0.21,16.42,0.10
1953-10-01,9.59,0.16,15.37,0.15,3.91,0.20,15.47,0.09
1953-11-01,5.92,0.17,11.38,0.16,0.42,0.21,14.33,0.10
1953-12-01,4.00,0.18,9.37,0.18,-1.30,0.21,13.86,0.10
1954-01-01,2.06,0.15,7.67,0.18,-3.58,0.20,13.38,0.09
1954-02-01,3.08,0.18,8.86,0.20,-2.67,0.20,13.78,0.09
1954-03-01,5.15,0.18,11.15,0.14,-0.86,0.20,14.38,0.09
1954-04-01,8.16,0.22,13.97,0.22,2.42,0.20,15.23,0.10
1954-05-01,10.99,0.22,16.78,0.21,5.20,0.22,15.97,0.10
1954-06-01,13.40,0.19,19.21,0.23,7.62,0.18,16.61,0.10
1954-07-01,14.24,0.23,20.02,0.22,8.54,0.22,16.85,0.10
1954-08-01,13.87,0.25,19.59,0.21,8.18,0.23,16.82,0.10
1954-09-01,12.10,0.20,17.85,0.23,6.37,0.18,16.22,0.10
1954-10-01,9.55,0.14,15.26,0.14,3.90,0.15,15.42,0.09
1954-11-01,6.58,0.14,12.15,0.14,1.05,0.16,14.48,0.09
1954-12-01,3.56,0.15,8.91,0.18,-1.77,0.18,13.62,0.09
1955-01-01,3.41,0.15,8.91,0.14,-2.03,0.15,13.72,0.09
1955-02-01,3.14,0.14,8.97,0.15,-2.71,0.18,13.72,0.09
1955-03-01,4.58,0.12,10.38,0.14,-1.43,0.14,14.18,0.08
1955-04-01,8.14,0.16,13.91,0.20,2.22,0.18,15.12,0.09
1955-05-01,11.19,0.21,17.11,0.23,5.50,0.22,15.88,0.10
1955-06-01,13.56,0.15,19.22,0.18,7.74,0.17,16.55,0.09
1955-07-01,14.24,0.18,19.96,0.21,8.58,0.22,16.81,0.09
1955-08-01,14.28,0.22,19.86,0.25,8.30,0.24,16.90,0.10
1955-09-01,11.95,0.16,17.86,0.15,6.41,0.18,16.15,0.09
1955-10-01,9.73,0.11,15.45,0.14,3.92,0.19,15.33,0.08
1955-11-01,5.97,0.14,11.53,0.18,0.08,0.21,14.21,0.08
1955-12-01,3.31,0.12,8.80,0.18,-2.25,0.19,13.52,0.08
1956-01-01,2.47,0.10,7.91,0.17,-3.06,0.18,13.44,0.07
1956-02-01,2.78,0.17,8.55,0.18,-3.13,0.21,13.63,0.09
1956-03-01,4.89,0.11,10.84,0.11,-1.03,0.15,14.23,0.07
1956-04-01,7.92,0.14,13.85,0.17,2.04,0.22,15.03,0.08
1956-05-01,10.72,0.20,16.73,0.20,5.08,0.24,15.82,0.09
1956-06-01,13.16,0.09,18.94,0.20,7.31,0.19,16.47,0.08
1956-07-01,14.18,0.09,19.95,0.12,8.60,0.13,16.83,0.08
1956-08-01,13.19,0.08,18.97,0.12,7.51,0.23,16.61,0.07
1956-09-01,11.78,0.14,17.50,0.17,5.87,0.22,16.09,0.08
1956-10-01,8.93,0.09,14.67,0.15,3.17,0.18,15.16,0.07
1956-11-01,5.74,0.13,11.41,0.20,0.13,0.27,14.26,0.08
1956-12-01,3.60,0.11,8.96,0.16,-1.77,0.23,13.70,0.08
1957-01-01,2.49,0.10,8.00,0.13,-2.97,0.11,13.47,0.07
1957-02-01,3.12,0.11,8.71,0.12,-2.51,0.23,13.80,0.07
1957-03-01,5.04,0.09,10.99,0.10,-0.92,0.19,14.38,0.07
1957-04-01,8.37,0.19,14.09,0.09,2.43,0.27,15.32,0.09
1957-05-01,11.26,0.14,17.05,0.08,5.43,0.21,16.22,0.08
1957-06-01,13.78,0.19,19.47,0.16,7.81,0.15,16.88,0.09
1957-07-01,14.13,0.20,19.83,0.10,8.38,0.07,17.03,0.10
1957-08-01,14.08,0.25,19.79,0.21,8.26,0.19,17.05,0.10
1957-09-01,12.31,0.30,18.07,0.12,6.41,0.10,16.38,0.11
1957-10-01,9.50,0.14,15.05,0.13,3.80,0.15,15.46,0.08
1957-11-01,6.39,0.10,11.85,0.16,0.83,0.13,14.52,0.07
1957-12-01,4.33,0.09,9.68,0.06,-0.94,0.07,13.97,0.07
1958-01-01,3.57,0.11,8.98,0.06,-1.77,0.20,13.88,0.07
1958-02-01,3.69,0.17,9.55,0.23,-1.95,0.19,14.07,0.08
1958-03-01,5.45,0.08,11.32,0.17,-0.55,0.20,14.55,0.07
1958-04-01,8.52,0.10,14.39,0.16,2.57,0.08,15.36,0.07
1958-05-01,11.52,0.09,17.36,0.18,5.62,0.29,16.18,0.07
1958-06-01,13.19,0.11,19.03,0.18,7.43,0.14,16.62,0.07
1958-07-01,14.44,0.20,20.12,0.21,8.84,0.30,17.04,0.09
1958-08-01,13.60,0.08,19.40,0.14,8.05,0.10,16.83,0.07
1958-09-01,11.85,0.07,17.55,0.15,6.20,0.13,16.28,0.07
1958-10-01,9.38,0.09,15.09,0.10,3.74,0.20,15.44,0.07
1958-11-01,6.26,0.06,11.72,0.12,0.75,0.12,14.51,0.07
1958-12-01,3.82,0.08,9.23,0.21,-1.56,0.12,13.83,0.07
1959-01-01,2.96,0.08,8.39,0.14,-2.41,0.15,13.64,0.07
1959-02-01,3.33,0.13,9.00,0.14,-2.23,0.13,13.87,0.07
1959-03-01,5.85,0.20,11.73,0.16,-0.07,0.12,14.61,0.09
1959-04-01,8.82,0.18,14.75,0.27,2.81,0.20,15.44,0.08
1959-05-01,11.32,0.06,17.16,0.14,5.54,0.17,16.12,0.07
1959-06-01,13.58,0.06,19.38,0.19,7.75,0.12,16.78,0.07
1959-07-01,14.45,0.13,20.24,0.10,8.85,0.13,17.00,0.08
1959-08-01,13.85,0.08,19.53,0.14,8.32,0.08,16.91,0.07
1959-09-01,11.95,0.12,17.66,0.13,6.34,0.15,16.28,0.07
1959-10-01,9.16,0.12,14.77,0.08,3.59,0.23,15.40,0.08
1959-11-01,5.75,0.08,11.26,0.17,0.30,0.12,14.27,0.07
1959-12-01,3.77,0.06,9.12,0.16,-1.49,0.18,13.76,0.07
1960-01-01,2.71,0.09,8.22,0.11,-2.62,0.09,13.55,0.07
1960-02-01,3.80,0.12,9.75,0.08,-1.92,0.27,13.96,0.07
1960-03-01,4.30,0.08,10.22,0.09,-1.68,0.08,14.14,0.07
1960-04-01,8.13,0.09,13.96,0.14,2.23,0.10,15.19,0.07
1960-05-01,10.87,0.16,16.71,0.26,5.04,0.23,15.96,0.08
1960-06-01,13.48,0.08,19.31,0.23,7.73,0.10,16.67,0.07
1960-07-01,14.20,0.07,19.88,0.12,8.49,0.09,16.98,0.07
1960-08-01,13.82,0.08,19.60,0.18,8.24,0.17,16.97,0.07
1960-09-01,12.10,0.10,17.86,0.23,6.50,0.15,16.38,0.07
1960-10-01,9.50,0.06,15.23,0.09,3.80,0.12,15.46,0.07
1960-11-01,5.83,0.14,11.43,0.13,0.35,0.15,14.31,0.07
1960-12-01,4.26,0.06,9.64,0.14,-0.98,0.09,13.93,0.06
1961-01-01,2.93,0.09,8.38,0.18,-2.38,0.13,13.66,0.06
1961-02-01,3.68,0.12,9.30,0.16,-1.90,0.14,14.06,0.07
1961-03-01,5.59,0.05,11.48,0.12,-0.27,0.12,14.61,0.06
1961-04-01,8.63,0.12,14.50,0.16,2.82,0.15,15.44,0.07
1961-05-01,11.62,0.10,17.59,0.32,5.73,0.23,16.24,0.07
1961-06-01,13.70,0.15,19.60,0.24,7.80,0.29,16.81,0.08
1961-07-01,14.29,0.08,20.01,0.18,8.66,0.19,16.99,0.07
1961-08-01,13.85,0.14,19.61,0.18,8.23,0.26,16.92,0.07
1961-09-01,12.25,0.07,17.99,0.12,6.53,0.14,16.31,0.06
1961-10-01,9.33,0.14,15.06,0.14,3.51,0.31,15.40,0.07
1961-11-01,6.21,0.06,11.65,0.09,0.74,0.13,14.44,0.06
1961-12-01,3.50,0.04,9.02,0.10,-1.92,0.09,13.68,0.06
1962-01-01,3.00,0.07,8.66,0.09,-2.51,0.08,13.65,0.06
1962-02-01,3.70,0.06,9.55,0.10,-2.04,0.22,14.00,0.06
1962-03-01,5.53,0.13,11.54,0.16,-0.42,0.22,14.52,0.07
1962-04-01,8.54,0.18,14.47,0.14,2.58,0.23,15.35,0.08
1962-05-01,11.13,0.06,17.04,0.15,5.20,0.13,16.04,0.07
1962-06-01,13.43,0.27,19.35,0.27,7.46,0.37,16.68,0.10
1962-07-01,14.21,0.07,20.05,0.14,8.45,0.08,16.95,0.07
1962-08-01,13.71,0.10,19.55,0.15,7.94,0.13,16.83,0.07
1962-09-01,12.02,0.26,17.85,0.16,6.31,0.31,16.25,0.09
1962-10-01,9.47,0.20,15.23,0.20,3.77,0.32,15.43,0.08
1962-11-01,6.28,0.12,11.78,0.14,0.80,0.21,14.42,0.07
1962-12-01,3.94,0.07,9.43,0.20,-1.43,0.16,13.78,0.06
1963-01-01,2.90,0.08,8.67,0.14,-2.68,0.12,13.59,0.06
1963-02-01,4.02,0.11,9.95,0.10,-1.69,0.12,14.01,0.06
1963-03-01,5.10,0.10,11.04,0.10,-0.90,0.23,14.36,0.06
1963-04-01,8.17,0.06,13.91,0.15,2.35,0.10,15.22,0.06
1963-05-01,11.04,0.10,16.82,0.25,5.23,0.29,16.05,0.07
1963-06-01,13.41,0.10,19.28,0.12,7.60,0.15,16.68,0.07
1963-07-01,14.51,0.10,20.23,0.10,8.80,0.24,17.09,0.08
1963-08-01,14.31,0.06,20.01,0.22,8.47,0.25,17.06,0.07
1963-09-01,12.55,0.13,18.31,0.18,6.72,0.35,16.48,0.07
1963-10-01,9.94,0.10,15.72,0.17,4.33,0.11,15.59,0.07
1963-11-01,6.56,0.10,12.07,0.20,1.31,0.16,14.58,0.07
1963-12-01,3.75,0.08,9.35,0.09,-1.67,0.07,13.82,0.07
1964-01-01,2.88,0.17,8.38,0.08,-2.55,0.16,13.60,0.08
1964-02-01,3.03,0.12,8.79,0.08,-2.61,0.16,13.73,0.06
1964-03-01,4.87,0.08,10.97,0.12,-1.15,0.18,14.26,0.06
1964-04-01,7.92,0.08,13.79,0.12,2.15,0.14,15.06,0.06
1964-05-01,10.90,0.08,16.80,0.22,5.20,0.14,15.86,0.07
1964-06-01,13.46,0.07,19.27,0.16,7.54,0.24,16.59,0.06
1964-07-01,14.30,0.12,20.07,0.20,8.57,0.15,16.78,0.07
1964-08-01,13.68,0.18,19.39,0.24,8.05,0.30,16.63,0.08
1964-09-01,11.60,0.07,17.39,0.17,6.11,0.14,16.00,0.06
1964-10-01,8.83,0.06,14.65,0.19,3.22,0.10,15.17,0.06
1964-11-01,5.98,0.04,11.61,0.14,0.48,0.08,14.20,0.06
1964-12-01,3.46,0.05,8.76,0.15,-1.78,0.08,13.52,0.06
1965-01-01,2.86,0.07,8.42,0.11,-2.53,0.13,13.54,0.06
1965-02-01,3.04,0.08,8.91,0.08,-2.82,0.19,13.70,0.06
1965-03-01,5.18,0.12,11.22,0.15,-0.74,0.22,14.29,0.07
1965-04-01,7.99,0.08,13.84,0.14,2.17,0.12,15.10,0.06
1965-05-01,11.22,0.17,17.17,0.32,5.26,0.46,16.01,0.08
1965-06-01,13.31,0.22,19.13,0.52,7.48,0.34,16.53,0.09
1965-07-01,14.08,0.14,19.87,0.24,8.38,0.35,16.76,0.08
1965-08-01,13.81,0.09,19.58,0.10,8.18,0.10,16.80,0.07
1965-09-01,11.73,0.08,17.41,0.17,6.10,0.13,16.15,0.06
1965-10-01,9.49,0.07,15.11,0.10,3.80,0.09,15.41,0.06
1965-11-01,5.86,0.08,11.34,0.18,0.35,0.14,14.29,0.06
1965-12-01,3.77,0.10,9.23,0.11,-1.54,0.07,13.78,0.06
1966-01-01,2.49,0.06,8.05,0.07,-3.04,0.10,13.49,0.06
1966-02-01,3.29,0.11,9.00,0.13,-2.42,0.15,13.81,0.06
1966-03-01,5.53,0.12,11.30,0.12,-0.42,0.16,14.45,0.07
1966-04-01,8.16,0.07,13.95,0.10,2.33,0.11,15.25,0.06
1966-05-01,11.20,0.06,17.07,0.21,5.19,0.17,15.99,0.06
1966-06-01,13.59,0.16,19.38,0.25,7.72,0.17,16.69,0.08
1966-07-01,14.57,0.11,20.39,0.10,8.82,0.13,17.03,0.07
1966-08-01,13.73,0.10,19.63,0.20,8.09,0.11,16.83,0.07
1966-09-01,12.13,0.11,18.03,0.09,6.48,0.14,16.27,0.07
1966-10-01,9.15,0.07,14.78,0.08,3.56,0.11,15.31,0.06
1966-11-01,5.97,0.07,11.58,0.08,0.41,0.13,14.36,0.06
1966-12-01,3.38,0.05,8.76,0.08,-1.93,0.13,13.68,0.06
1967-01-01,2.71,0.07,8.39,0.06,-2.87,0.14,13.53,0.06
1967-02-01,2.90,0.13,8.62,0.16,-2.77,0.16,13.69,0.06
1967-03-01,5.40,0.08,11.22,0.11,-0.36,0.07,14.46,0.06
1967-04-01,8.46,0.11,14.38,0.15,2.50,0.23,15.30,0.06
1967-05-01,11.63,0.08,17.51,0.17,5.78,0.17,16.28,0.06
1967-06-01,13.19,0.07,18.91,0.14,7.45,0.15,16.67,0.06
1967-07-01,14.33,0.17,20.14,0.15,8.71,0.14,16.97,0.08
1967-08-01,13.82,0.11,19.59,0.24,8.17,0.24,16.84,0.06
1967-09-01,12.05,0.06,17.85,0.11,6.27,0.17,16.24,0.06
1967-10-01,9.81,0.04,15.48,0.08,4.18,0.09,15.47,0.06
1967-11-01,6.18,0.04,11.51,0.09,0.81,0.15,14.35,0.05
1967-12-01,3.92,0.05,9.28,0.06,-1.42,0.11,13.73,0.05
1968-01-01,2.35,0.09,7.87,0.10,-3.06,0.07,13.39,0.05
1968-02-01,3.25,0.12,8.88,0.10,-2.32,0.08,13.72,0.06
1968-03-01,6.12,0.07,11.91,0.13,0.28,0.07,14.58,0.05
1968-04-01,8.46,0.14,14.43,0.12,2.60,0.28,15.26,0.06
1968-05-01,11.07,0.11,16.76,0.16,5.18,0.20,15.99,0.06
1968-06-01,13.20,0.19,18.87,0.16,7.32,0.21,16.70,0.07
1968-07-01,14.03,0.09,19.73,0.14,8.43,0.10,16.89,0.06
1968-08-01,13.52,0.08,19.24,0.08,7.89,0.14,16.79,0.06
1968-09-01,11.62,0.19,17.35,0.22,5.94,0.15,16.16,0.08
1968-10-01,9.45,0.14,15.09,0.13,3.79,0.26,15.48,0.07
1968-11-01,5.89,0.06,11.30,0.10,0.36,0.14,14.42,0.05
1968-12-01,3.24,0.05,8.55,0.14,-2.12,0.10,13.79,0.05
1969-01-01,1.97,0.05,7.23,0.09,-3.30,0.12,13.52,0.05
1969-02-01,2.45,0.09,7.97,0.13,-3.19,0.15,13.75,0.05
1969-03-01,5.13,0.11,11.02,0.11,-0.82,0.21,14.58,0.06
1969-04-01,8.58,0.12,14.29,0.20,2.69,0.24,15.52,0.06
1969-05-01,11.35,0.08,17.06,0.16,5.57,0.24,16.33,0.05
1969-06-01,13.47,0.12,19.21,0.26,7.57,0.34,16.83,0.06
1969-07-01,14.22,0.11,20.02,0.23,8.67,0.16,16.92,0.06
1969-08-01,13.80,0.08,19.63,0.16,8.12,0.22,16.95,0.06
1969-09-01,12.05,0.06,17.67,0.11,6.42,0.14,16.34,0.05
1969-10-01,9.49,0.07,14.89,0.15,4.05,0.27,15.45,0.06
1969-11-01,6.42,0.05,11.97,0.12,0.92,0.14,14.52,0.05
1969-12-01,4.21,0.09,9.59,0.10,-1.14,0.11,13.99,0.05
1970-01-01,2.84,0.08,8.29,0.12,-2.58,0.10,13.71,0.05
1970-02-01,3.73,0.08,9.54,0.11,-2.02,0.13,14.02,0.05
1970-03-01,5.27,0.11,11.07,0.18,-0.55,0.21,14.50,0.06
1970-04-01,8.60,0.07,14.38,0.18,2.74,0.11,15.44,0.05
1970-05-01,11.21,0.10,17.17,0.12,5.40,0.11,16.10,0.06
1970-06-01,13.51,0.09,19.37,0.20,7.60,0.19,16.67,0.06
1970-07-01,14.39,0.10,20.25,0.11,8.72,0.10,16.91,0.06
1970-08-01,13.66,0.06,19.43,0.18,8.10,0.12,16.75,0.05
1970-09-01,12.28,0.06,17.88,0.09,6.62,0.12,16.34,0.06
1970-10-01,9.35,0.04,14.96,0.09,3.79,0.10,15.42,0.05
1970-11-01,6.05,0.06,11.56,0.11,0.52,0.08,14.42,0.05
1970-12-01,3.52,0.05,8.94,0.09,-1.83,0.08,13.71,0.05
1971-01-01,2.97,0.10,8.53,0.12,-2.53,0.12,13.62,0.05
1971-02-01,2.87,0.17,8.58,0.14,-2.72,0.20,13.63,0.07
1971-03-01,5.00,0.06,10.97,0.15,-0.90,0.11,14.25,0.05
1971-04-01,8.34,0.07,14.27,0.09,2.52,0.25,15.23,0.05
1971-05-01,11.21,0.11,17.19,0.12,5.38,0.16,15.96,0.06
1971-06-01,13.10,0.10,18.99,0.23,7.44,0.13,16.54,0.06
1971-07-01,14.14,0.11,19.98,0.14,8.51,0.12,16.85,0.06
1971-08-01,13.88,0.08,19.59,0.12,8.09,0.08,16.75,0.06
1971-09-01,12.14,0.13,17.92,0.32,6.46,0.30,16.22,0.06
1971-10-01,9.39,0.11,15.15,0.13,3.81,0.16,15.30,0.06
1971-11-01,6.29,0.08,11.84,0.11,0.93,0.13,14.40,0.05
1971-12-01,3.87,0.07,9.23,0.12,-1.44,0.13,13.66,0.05
1972-01-01,1.88,0.09,7.39,0.14,-3.55,0.20,13.30,0.05
1972-02-01,2.61,0.10,8.22,0.11,-3.12,0.20,13.64,0.05
1972-03-01,5.29,0.05,11.17,0.09,-0.67,0.15,14.45,0.05
1972-04-01,8.34,0.07,14.15,0.12,2.50,0.11,15.29,0.05
1972-05-01,11.15,0.09,16.97,0.12,5.36,0.20,16.09,0.06
1972-06-01,13.50,0.11,19.23,0.16,7.63,0.13,16.73,0.06
1972-07-01,14.23,0.12,20.04,0.12,8.57,0.10,16.96,0.06
1972-08-01,14.17,0.10,19.88,0.15,8.39,0.19,16.98,0.06
1972-09-01,11.90,0.13,17.53,0.20,6.17,0.22,16.27,0.06
1972-10-01,9.35,0.14,15.06,0.20,3.84,0.23,15.44,0.06
1972-11-01,5.80,0.08,11.17,0.09,0.52,0.13,14.42,0.05
1972-12-01,3.78,0.07,9.18,0.18,-1.49,0.08,13.95,0.05
1973-01-01,3.04,0.09,8.49,0.15,-2.31,0.10,13.77,0.05
1973-02-01,3.90,0.16,9.50,0.14,-1.65,0.09,14.14,0.06
1973-03-01,5.82,0.10,11.61,0.21,0.11,0.14,14.66,0.05
1973-04-01,8.94,0.10,14.51,0.11,3.11,0.11,15.53,0.06
1973-05-01,11.77,0.08,17.42,0.16,5.93,0.16,16.29,0.05
1973-06-01,13.82,0.09,19.50,0.13,8.16,0.12,16.80,0.05
1973-07-01,14.44,0.13,20.11,0.09,8.99,0.11,17.00,0.06
1973-08-01,13.87,0.15,19.71,0.15,8.43,0.13,16.89,0.06
1973-09-01,12.12,0.08,17.82,0.17,6.50,0.10,16.27,0.05
1973-10-01,9.61,0.06,15.18,0.11,3.91,0.10,15.42,0.05
1973-11-01,6.22,0.08,11.67,0.05,0.79,0.20,14.38,0.05
1973-12-01,3.83,0.08,9.29,0.11,-1.51,0.07,13.71,0.05
1974-01-01,2.26,0.10,7.46,0.11,-2.89,0.10,13.30,0.05
1974-02-01,2.58,0.13,8.12,0.09,-2.93,0.07,13.49,0.06
1974-03-01,5.19,0.11,10.97,0.13,-0.50,0.10,14.27,0.05
1974-04-01,8.39,0.09,14.18,0.08,2.59,0.12,15.18,0.05
1974-05-01,11.20,0.09,16.93,0.12,5.47,0.09,15.96,0.05
1974-06-01,13.38,0.13,19.23,0.10,7.59,0.09,16.62,0.06
1974-07-01,14.29,0.06,19.93,0.13,8.65,0.11,16.85,0.05
1974-08-01,14.02,0.10,19.65,0.16,8.39,0.13,16.91,0.06
1974-09-01,11.74,0.14,17.43,0.18,6.14,0.22,16.20,0.07
1974-10-01,9.10,0.06,14.88,0.08,3.42,0.11,15.27,0.05
1974-11-01,5.92,0.12,11.46,0.14,0.39,0.16,14.32,0.06
1974-12-01,3.55,0.13,8.74,0.15,-1.52,0.13,13.66,0.06
1975-01-01,3.06,0.08,8.48,0.07,-2.26,0.12,13.62,0.05
1975-02-01,3.40,0.11,9.03,0.13,-2.10,0.10,13.86,0.05
1975-03-01,5.71,0.07,11.38,0.10,-0.15,0.10,14.54,0.05
1975-04-01,8.58,0.07,14.40,0.07,2.88,0.09,15.30,0.05
1975-05-01,11.74,0.09,17.48,0.20,5.84,0.14,16.14,0.05
1975-06-01,13.56,0.11,19.27,0.16,7.80,0.20,16.68,0.06
1975-07-01,14.35,0.10,20.05,0.18,8.64,0.14,16.88,0.06
1975-08-01,13.51,0.22,19.25,0.24,7.89,0.11,16.66,0.08
1975-09-01,12.15,0.13,17.80,0.12,6.54,0.10,16.22,0.06
1975-10-01,9.32,0.06,14.91,0.15,3.67,0.21,15.29,0.05
1975-11-01,5.89,0.06,11.46,0.09,0.33,0.13,14.13,0.05
1975-12-01,3.67,0.09,9.08,0.09,-1.64,0.10,13.56,0.05
1976-01-01,2.88,0.07,8.40,0.08,-2.45,0.11,13.44,0.05
1976-02-01,3.03,0.07,8.51,0.10,-2.44,0.09,13.62,0.05
1976-03-01,4.52,0.06,10.30,0.08,-1.20,0.08,14.12,0.05
1976-04-01,8.29,0.09,14.18,0.13,2.49,0.11,15.13,0.05
1976-05-01,10.94,0.16,16.73,0.15,5.18,0.11,15.78,0.07
1976-06-01,13.09,0.10,18.95,0.17,7.35,0.13,16.45,0.06
1976-07-01,14.15,0.18,19.85,0.24,8.35,0.22,16.86,0.07
1976-08-01,13.51,0.17,19.16,0.23,7.65,0.22,16.67,0.07
1976-09-01,11.89,0.05,17.74,0.08,6.20,0.10,16.18,0.06
1976-10-01,8.51,0.11,14.03,0.25,3.11,0.22,15.17,0.06
1976-11-01,5.66,0.06,11.16,0.12,0.30,0.16,14.30,0.05
1976-12-01,3.68,0.08,9.09,0.15,-1.71,0.16,13.84,0.05
1977-01-01,2.49,0.09,7.76,0.20,-2.65,0.16,13.65,0.05
1977-02-01,3.47,0.12,9.13,0.09,-2.15,0.14,14.00,0.06
1977-03-01,5.70,0.11,11.58,0.12,-0.04,0.17,14.64,0.06
1977-04-01,8.85,0.06,14.75,0.09,3.06,0.08,15.47,0.05
1977-05-01,11.78,0.13,17.59,0.16,6.01,0.23,16.29,0.06
1977-06-01,13.88,0.11,19.63,0.17,8.06,0.18,16.85,0.06
1977-07-01,14.63,0.11,20.33,0.12,8.97,0.21,17.05,0.06
1977-08-01,14.09,0.08,19.67,0.16,8.46,0.13,16.98,0.05
1977-09-01,11.86,0.07,17.54,0.07,6.35,0.11,16.31,0.05
1977-10-01,9.16,0.04,14.88,0.11,3.59,0.09,15.39,0.05
1977-11-01,6.54,0.06,11.96,0.10,1.26,0.07,14.54,0.05
1977-12-01,3.75,0.04,9.00,0.10,-1.39,0.14,13.74,0.04
1978-01-01,2.71,0.10,8.01,0.08,-2.52,0.08,13.59,0.05
1978-02-01,3.46,0.14,9.01,0.20,-2.15,0.20,13.90,0.06
1978-03-01,5.61,0.10,11.34,0.06,-0.07,0.17,14.55,0.05
1978-04-01,8.79,0.09,14.63,0.34,3.08,0.42,15.37,0.05
1978-05-01,11.41,0.14,17.13,0.24,5.72,0.31,16.10,0.06
1978-06-01,13.22,0.11,18.89,0.16,7.72,0.21,16.60,0.06
1978-07-01,14.36,0.16,19.91,0.13,8.89,0.24,16.93,0.07
1978-08-01,13.30,0.10,18.97,0.15,7.68,0.17,16.62,0.06
1978-09-01,12.03,0.10,17.64,0.16,6.43,0.13,16.28,0.06
1978-10-01,9.34,0.08,14.96,0.14,3.80,0.15,15.34,0.05
1978-11-01,6.35,0.08,11.69,0.11,1.08,0.13,14.52,0.05
1978-12-01,3.74,0.07,9.20,0.09,-1.62,0.09,13.79,0.05
1979-01-01,2.68,0.08,8.07,0.12,-2.62,0.10,13.63,0.05
1979-02-01,2.84,0.09,8.53,0.08,-2.76,0.15,13.77,0.05
1979-03-01,5.47,0.10,11.33,0.19,-0.13,0.27,14.56,0.05
1979-04-01,8.46,0.08,14.27,0.26,2.62,0.30,15.39,0.05
1979-05-01,11.20,0.15,17.14,0.20,5.71,0.21,16.08,0.06
1979-06-01,13.49,0.07,19.37,0.21,7.82,0.21,16.77,0.04
1979-07-01,14.11,0.05,19.95,0.11,8.49,0.12,16.99,0.04
1979-08-01,13.83,0.09,19.62,0.16,8.27,0.18,16.98,0.05
1979-09-01,12.25,0.09,18.06,0.18,6.71,0.24,16.45,0.05
1979-10-01,9.59,0.09,15.35,0.12,4.05,0.12,15.56,0.05
1979-11-01,6.29,0.08,11.81,0.13,0.91,0.05,14.61,0.05
1979-12-01,4.60,0.07,10.00,0.12,-0.67,0.05,14.18,0.04
1980-01-01,2.96,0.09,8.47,0.08,-2.46,0.12,13.81,0.05
1980-02-01,3.65,0.10,9.26,0.13,-1.86,0.12,14.11,0.05
1980-03-01,5.37,0.10,11.24,0.16,-0.38,0.13,14.65,0.05
1980-04-01,8.93,0.11,14.82,0.13,3.11,0.17,15.58,0.05
1980-05-01,11.77,0.09,17.71,0.23,6.13,0.17,16.31,0.05
1980-06-01,13.58,0.13,19.38,0.18,7.90,0.30,16.81,0.06
1980-07-01,14.74,0.14,20.47,0.18,9.10,0.21,17.17,0.06
1980-08-01,14.19,0.22,19.81,0.12,8.56,0.09,17.05,0.08
1980-09-01,12.32,0.08,18.12,0.15,6.64,0.15,16.43,0.05
1980-10-01,9.55,0.06,15.17,0.12,4.05,0.11,15.45,0.05
1980-11-01,6.68,0.09,12.20,0.18,1.33,0.14,14.64,0.05
1980-12-01,4.02,0.06,9.43,0.17,-1.28,0.09,13.89,0.05
1981-01-01,3.79,0.12,9.27,0.19,-1.30,0.15,13.96,0.06
1981-02-01,4.02,0.14,9.69,0.13,-1.41,0.12,14.07,0.06
1981-03-01,6.24,0.04,12.05,0.06,0.55,0.16,14.77,0.04
1981-04-01,8.95,0.08,14.82,0.21,3.13,0.25,15.43,0.05
1981-05-01,11.56,0.08,17.47,0.33,5.90,0.34,16.20,0.05
1981-06-01,13.77,0.12,19.61,0.13,8.06,0.15,16.93,0.06
1981-07-01,14.74,0.08,20.40,0.12,9.21,0.13,17.22,0.05
1981-08-01,14.50,0.10,20.29,0.09,8.98,0.08,17.12,0.06
1981-09-01,12.24,0.12,17.95,0.10,6.65,0.14,16.47,0.06
1981-10-01,9.39,0.06,14.98,0.10,3.77,0.07,15.45,0.05
1981-11-01,6.27,0.06,11.67,0.11,0.97,0.10,14.47,0.05
1981-12-01,4.52,0.05,10.07,0.09,-0.88,0.08,14.10,0.05
1982-01-01,2.56,0.08,8.09,0.13,-2.78,0.10,13.59,0.05
1982-02-01,3.28,0.08,8.84,0.08,-2.08,0.07,13.85,0.05
1982-03-01,4.87,0.09,10.67,0.14,-0.72,0.14,14.34,0.05
1982-04-01,8.46,0.09,14.39,0.22,2.89,0.43,15.33,0.05
1982-05-01,11.35,0.09,17.15,0.30,5.73,0.28,16.14,0.05
1982-06-01,13.24,0.07,19.08,0.23,7.56,0.25,16.62,0.05
1982-07-01,14.54,0.07,20.31,0.30,9.02,0.40,17.00,0.06
1982-08-01,13.80,0.07,19.53,0.17,8.46,0.22,16.87,0.05
1982-09-01,12.04,0.07,17.75,0.15,6.67,0.21,16.35,0.06
1982-10-01,9.23,0.07,14.85,0.13,3.92,0.14,15.49,0.05
1982-11-01,5.96,0.11,11.31,0.12,0.91,0.18,14.45,0.06
1982-12-01,4.33,0.11,9.64,0.08,-0.71,0.06,14.07,0.06
1983-01-01,3.45,0.12,8.75,0.08,-1.65,0.08,13.98,0.06
1983-02-01,3.81,0.17,9.43,0.09,-1.59,0.09,14.17,0.07
1983-03-01,5.70,0.09,11.50,0.06,0.10,0.09,14.68,0.05
1983-04-01,8.69,0.05,14.45,0.09,3.05,0.13,15.47,0.05
1983-05-01,11.73,0.11,17.48,0.14,6.14,0.19,16.34,0.06
1983-06-01,13.48,0.12,19.22,0.15,7.82,0.17,16.79,0.06
1983-07-01,14.41,0.07,20.14,0.14,8.83,0.12,17.07,0.05
1983-08-01,14.30,0.06,20.11,0.18,8.73,0.10,17.14,0.05
1983-09-01,12.70,0.10,18.41,0.09,7.08,0.16,16.57,0.06
1983-10-01,9.48,0.10,15.10,0.09,4.01,0.15,15.50,0.06
1983-11-01,6.77,0.09,12.33,0.15,1.42,0.13,14.65,0.05
1983-12-01,3.83,0.05,9.25,0.13,-1.31,0.08,13.89,0.05
1984-01-01,2.94,0.08,8.34,0.11,-2.24,0.09,13.70,0.05
1984-02-01,3.09,0.10,8.79,0.14,-2.45,0.17,13.88,0.06
1984-03-01,5.67,0.08,11.54,0.10,-0.08,0.06,14.61,0.06
1984-04-01,8.43,0.16,14.34,0.23,2.61,0.21,15.37,0.07
1984-05-01,11.98,0.06,17.86,0.12,6.21,0.14,16.29,0.05
1984-06-01,13.39,0.19,19.05,0.13,7.66,0.17,16.67,0.07
1984-07-01,14.43,0.14,20.11,0.07,8.96,0.19,16.96,0.06
1984-08-01,13.98,0.09,19.83,0.23,8.33,0.15,16.97,0.05
1984-09-01,12.02,0.07,17.72,0.10,6.50,0.10,16.39,0.05
1984-10-01,9.38,0.08,14.89,0.07,4.01,0.10,15.37,0.05
1984-11-01,5.81,0.11,11.24,0.17,0.60,0.09,14.32,0.06
1984-12-01,3.19,0.07,8.41,0.15,-1.88,0.11,13.60,0.05
1985-01-01,3.01,0.08,8.38,0.12,-2.22,0.06,13.68,0.05
1985-02-01,2.70,0.09,8.32,0.12,-2.85,0.08,13.73,0.05
1985-03-01,5.45,0.06,11.19,0.09,-0.13,0.09,14.53,0.05
1985-04-01,8.63,0.09,14.42,0.09,2.90,0.11,15.36,0.05
1985-05-01,11.43,0.07,17.20,0.12,5.76,0.12,16.14,0.05
1985-06-01,13.57,0.19,19.40,0.24,7.91,0.15,16.71,0.07
1985-07-01,13.97,0.09,19.71,0.11,8.36,0.14,16.91,0.05
1985-08-01,14.06,0.09,19.76,0.11,8.51,0.09,17.01,0.05
1985-09-01,11.98,0.08,17.63,0.14,6.48,0.14,16.36,0.05
1985-10-01,9.34,0.09,14.81,0.05,4.05,0.10,15.48,0.05
1985-11-01,5.97,0.10,11.33,0.10,0.70,0.11,14.39,0.06
1985-12-01,3.79,0.11,9.04,0.15,-1.37,0.08,13.81,0.06
1986-01-01,3.31,0.12,8.82,0.07,-2.01,0.08,13.72,0.06
1986-02-01,3.99,0.11,9.70,0.20,-1.64,0.09,14.08,0.06
1986-03-01,5.75,0.05,11.63,0.08,0.01,0.06,14.61,0.05
1986-04-01,8.87,0.09,14.77,0.21,3.10,0.06,15.45,0.05
1986-05-01,11.58,0.07,17.39,0.11,5.89,0.18,16.16,0.05
1986-06-01,13.44,0.06,19.21,0.19,7.72,0.19,16.70,0.05
1986-07-01,14.29,0.06,19.99,0.10,8.74,0.12,16.99,0.05
1986-08-01,13.97,0.06,19.87,0.10,8.43,0.14,16.94,0.05
1986-09-01,11.82,0.14,17.71,0.11,6.39,0.27,16.29,0.06
1986-10-01,9.30,0.10,14.80,0.15,3.88,0.16,15.46,0.05
1986-11-01,5.92,0.10,11.23,0.06,0.70,0.09,14.41,0.06
1986-12-01,3.75,0.07,9.07,0.07,-1.40,0.10,13.80,0.05
1987-01-01,3.14,0.12,8.70,0.08,-2.34,0.11,13.76,0.06
1987-02-01,4.13,0.09,9.79,0.10,-1.37,0.09,14.16,0.05
1987-03-01,5.25,0.08,11.20,0.07,-0.47,0.08,14.54,0.05
1987-04-01,8.59,0.08,14.69,0.08,2.83,0.22,15.45,0.05
1987-05-01,11.53,0.07,17.32,0.13,5.80,0.14,16.25,0.05
1987-06-01,13.93,0.07,19.66,0.15,8.11,0.13,16.90,0.05
1987-07-01,14.89,0.14,20.67,0.10,9.33,0.20,17.30,0.06
1987-08-01,13.90,0.13,19.63,0.15,8.32,0.23,17.06,0.06
1987-09-01,12.45,0.07,18.23,0.13,6.88,0.22,16.57,0.05
1987-10-01,9.59,0.08,15.14,0.08,4.09,0.09,15.62,0.05
1987-11-01,6.06,0.05,11.52,0.16,0.71,0.13,14.56,0.05
1987-12-01,4.49,0.05,9.86,0.09,-0.71,0.11,14.13,0.05
1988-01-01,3.45,0.07,8.86,0.12,-1.80,0.09,13.98,0.05
1988-02-01,3.42,0.10,9.09,0.09,-2.03,0.07,14.06,0.05
1988-03-01,5.93,0.09,11.82,0.09,0.37,0.14,14.78,0.05
1988-04-01,8.99,0.07,14.98,0.12,3.29,0.09,15.59,0.05
1988-05-01,11.85,0.09,17.68,0.06,6.14,0.20,16.35,0.05
1988-06-01,14.10,0.10,19.97,0.16,8.36,0.09,16.98,0.06
1988-07-01,14.80,0.07,20.47,0.17,9.19,0.12,17.18,0.05
1988-08-01,14.55,0.12,20.12,0.26,8.90,0.16,17.17,0.06
1988-09-01,12.68,0.07,18.42,0.14,7.08,0.08,16.55,0.05
1988-10-01,9.98,0.06,15.72,0.19,4.36,0.15,15.64,0.05
1988-11-01,6.29,0.07,11.84,0.08,0.84,0.07,14.46,0.05
1988-12-01,4.36,0.06,9.71,0.12,-0.85,0.08,13.92,0.05
1989-01-01,2.71,0.11,8.09,0.12,-2.60,0.12,13.57,0.06
1989-02-01,3.63,0.10,9.30,0.07,-1.92,0.09,13.98,0.06
1989-03-01,5.79,0.10,11.63,0.07,0.13,0.17,14.61,0.06
1989-04-01,8.69,0.10,14.54,0.09,2.74,0.15,15.42,0.06
1989-05-01,11.28,0.09,17.11,0.21,5.49,0.13,16.12,0.06
1989-06-01,13.45,0.13,19.25,0.18,7.87,0.13,16.73,0.06
1989-07-01,14.61,0.08,20.36,0.08,8.99,0.10,17.15,0.06
1989-08-01,14.13,0.06,19.99,0.15,8.59,0.14,17.05,0.05
1989-09-01,12.40,0.10,18.20,0.10,6.67,0.15,16.50,0.06
1989-10-01,9.76,0.06,15.47,0.13,4.10,0.21,15.60,0.05
1989-11-01,6.18,0.06,11.72,0.09,0.75,0.06,14.52,0.05
1989-12-01,4.43,0.06,9.80,0.06,-0.81,0.10,14.06,0.05
1990-01-01,3.24,0.09,8.56,0.10,-1.94,0.07,13.89,0.06
1990-02-01,3.64,0.09,9.22,0.11,-1.80,0.07,14.14,0.06
1990-03-01,6.73,0.10,12.66,0.18,1.04,0.09,15.01,0.06
1990-04-01,9.17,0.06,15.06,0.08,3.37,0.12,15.68,0.05
1990-05-01,11.83,0.07,17.64,0.23,6.09,0.24,16.40,0.05
1990-06-01,13.89,0.09,19.79,0.16,8.17,0.13,17.00,0.05
1990-07-01,14.78,0.14,20.40,0.10,9.16,0.09,17.25,0.07
1990-08-01,14.10,0.05,19.96,0.22,8.51,0.16,17.11,0.05
1990-09-01,12.20,0.11,17.99,0.09,6.60,0.21,16.46,0.06
1990-10-01,9.88,0.04,15.72,0.12,4.29,0.12,15.75,0.05
1990-11-01,6.92,0.13,12.56,0.09,1.34,0.07,14.77,0.07
1990-12-01,4.42,0.08,9.94,0.06,-0.92,0.05,14.10,0.06
1991-01-01,3.20,0.07,8.51,0.04,-1.91,0.11,13.86,0.06
1991-02-01,4.04,0.09,9.77,0.07,-1.50,0.10,14.20,0.06
1991-03-01,5.57,0.08,11.41,0.11,-0.13,0.13,14.69,0.06
1991-04-01,9.23,0.04,15.12,0.09,3.41,0.16,15.72,0.06
1991-05-01,11.62,0.06,17.44,0.10,6.01,0.11,16.37,0.05
1991-06-01,14.26,0.07,19.90,0.12,8.51,0.07,17.05,0.06
1991-07-01,14.99,0.06,20.64,0.11,9.27,0.14,17.35,0.05
1991-08-01,14.32,0.06,20.04,0.09,8.61,0.11,17.16,0.06
1991-09-01,12.68,0.05,18.54,0.23,7.00,0.08,16.57,0.06
1991-10-01,9.75,0.06,15.55,0.07,4.12,0.10,15.62,0.06
1991-11-01,6.44,0.07,11.86,0.10,1.12,0.09,14.61,0.06
1991-12-01,4.06,0.04,9.28,0.08,-1.06,0.06,13.98,0.05
1992-01-01,3.58,0.08,8.91,0.10,-1.66,0.09,13.96,0.06
1992-02-01,3.93,0.15,9.49,0.12,-1.60,0.09,14.18,0.07
1992-03-01,5.95,0.07,11.69,0.06,0.25,0.09,14.77,0.06
1992-04-01,8.57,0.06,14.37,0.07,2.79,0.10,15.51,0.06
1992-05-01,11.53,0.07,17.35,0.10,5.80,0.18,16.32,0.06
1992-06-01,13.58,0.07,19.36,0.09,7.82,0.07,16.89,0.06
1992-07-01,14.14,0.08,19.85,0.08,8.42,0.08,17.00,0.06
1992-08-01,13.77,0.08,19.43,0.16,8.13,0.13,16.90,0.06
1992-09-01,11.67,0.05,17.29,0.12,6.13,0.14,16.24,0.05
1992-10-01,9.35,0.05,15.15,0.06,3.68,0.06,15.42,0.05
1992-11-01,5.89,0.08,11.30,0.06,0.46,0.07,14.34,0.06
1992-12-01,4.08,0.15,9.46,0.16,-1.06,0.13,13.90,0.07
1993-01-01,3.30,0.10,8.67,0.07,-1.92,0.08,13.90,0.06
1993-02-01,3.75,0.10,9.42,0.08,-1.74,0.05,14.09,0.06
1993-03-01,5.92,0.09,11.79,0.09,0.14,0.07,14.72,0.06
1993-04-01,8.69,0.05,14.59,0.12,2.82,0.14,15.48,0.06
1993-05-01,11.47,0.06,17.29,0.08,5.67,0.12,16.23,0.06
1993-06-01,13.52,0.07,19.29,0.09,7.77,0.15,16.86,0.06
1993-07-01,14.60,0.11,20.23,0.06,8.95,0.17,17.16,0.06
1993-08-01,13.84,0.07,19.58,0.07,8.23,0.11,16.93,0.06
1993-09-01,11.93,0.10,17.64,0.06,6.29,0.12,16.38,0.06
1993-10-01,9.61,0.06,15.29,0.06,3.99,0.05,15.54,0.06
1993-11-01,5.74,0.09,11.09,0.10,0.36,0.07,14.41,0.06
1993-12-01,4.04,0.08,9.36,0.07,-1.14,0.14,13.90,0.06
1994-01-01,3.02,0.06,8.34,0.11,-2.27,0.10,13.73,0.06
1994-02-01,2.81,0.10,8.59,0.09,-2.77,0.09,13.77,0.06
1994-03-01,5.73,0.07,11.66,0.08,-0.13,0.12,14.71,0.06
1994-04-01,9.02,0.04,14.96,0.16,3.16,0.19,15.58,0.06
1994-05-01,11.68,0.08,17.58,0.11,5.68,0.09,16.35,0.06
1994-06-01,14.14,0.09,19.93,0.10,8.29,0.11,17.02,0.06
1994-07-01,14.66,0.08,20.42,0.11,8.95,0.14,17.18,0.06
1994-08-01,13.98,0.05,19.81,0.09,8.27,0.17,17.04,0.06
1994-09-01,12.52,0.07,18.34,0.12,6.82,0.16,16.50,0.06
1994-10-01,10.00,0.08,15.61,0.09,4.54,0.17,15.74,0.06
1994-11-01,6.79,0.06,12.20,0.09,1.31,0.11,14.75,0.06
1994-12-01,4.11,0.07,9.31,0.16,-1.10,0.06,14.04,0.06
1995-01-01,3.54,0.06,8.89,0.15,-1.77,0.17,13.95,0.06
1995-02-01,4.66,0.08,10.26,0.14,-0.88,0.13,14.39,0.06
1995-03-01,5.96,0.08,11.78,0.17,0.27,0.11,14.78,0.06
1995-04-01,8.97,0.08,14.84,0.12,3.16,0.17,15.59,0.06
1995-05-01,11.57,0.06,17.30,0.12,5.76,0.22,16.28,0.06
1995-06-01,14.16,0.09,20.11,0.19,8.23,0.05,17.01,0.06
1995-07-01,15.12,0.08,20.80,0.18,9.33,0.17,17.38,0.06
1995-08-01,14.64,0.09,20.41,0.08,8.81,0.23,17.30,0.06
1995-09-01,12.56,0.09,18.38,0.07,6.92,0.18,16.58,0.06
1995-10-01,10.11,0.09,15.75,0.13,4.49,0.14,15.75,0.06
1995-11-01,6.76,0.09,12.39,0.10,1.27,0.20,14.71,0.06
1995-12-01,4.12,0.04,9.40,0.13,-1.14,0.11,13.95,0.06
1996-01-01,2.86,0.09,8.35,0.11,-2.51,0.11,13.72,0.06
1996-02-01,4.01,0.12,9.77,0.10,-1.76,0.08,14.21,0.06
1996-03-01,5.52,0.09,11.41,0.16,-0.28,0.14,14.66,0.06
1996-04-01,8.68,0.07,14.47,0.10,2.72,0.13,15.54,0.06
1996-05-01,11.59,0.11,17.44,0.10,5.79,0.12,16.27,0.06
1996-06-01,13.68,0.09,19.41,0.14,7.85,0.11,16.85,0.06
1996-07-01,14.83,0.10,20.65,0.09,9.12,0.13,17.22,0.06
1996-08-01,14.60,0.07,20.42,0.13,8.92,0.13,17.21,0.06
1996-09-01,12.29,0.05,17.97,0.12,6.71,0.17,16.44,0.06
1996-10-01,9.53,0.10,15.19,0.15,3.93,0.09,15.52,0.06
1996-11-01,6.55,0.08,11.95,0.11,1.18,0.08,14.61,0.06
1996-12-01,4.33,0.06,9.82,0.11,-1.09,0.06,14.05,0.06
1997-01-01,3.17,0.08,8.59,0.10,-2.13,0.08,13.82,0.06
1997-02-01,3.77,0.09,9.46,0.07,-1.89,0.09,14.18,0.06
1997-03-01,6.01,0.14,11.81,0.19,0.19,0.10,14.87,0.07
1997-04-01,8.89,0.05,14.82,0.11,2.97,0.12,15.63,0.06
1997-05-01,11.59,0.07,17.38,0.11,5.80,0.15,16.39,0.06
1997-06-01,14.13,0.07,19.91,0.10,8.33,0.14,17.16,0.06
1997-07-01,14.56,0.13,20.26,0.09,8.82,0.09,17.31,0.07
1997-08-01,14.26,0.09,20.13,0.10,8.58,0.12,17.27,0.06
1997-09-01,12.69,0.10,18.56,0.31,6.97,0.16,16.77,0.06
1997-10-01,10.11,0.07,15.68,0.11,4.67,0.14,15.94,0.06
1997-11-01,6.84,0.10,12.20,0.09,1.50,0.09,14.95,0.06
1997-12-01,4.42,0.06,9.63,0.06,-0.74,0.08,14.29,0.06
1998-01-01,3.35,0.08,8.55,0.09,-1.78,0.09,14.06,0.06
1998-02-01,4.83,0.11,10.47,0.11,-0.77,0.08,14.61,0.07
1998-03-01,6.02,0.08,11.89,0.07,0.30,0.10,14.96,0.07
1998-04-01,9.36,0.05,15.26,0.09,3.44,0.19,15.88,0.06
1998-05-01,12.29,0.08,18.18,0.16,6.37,0.10,16.67,0.06
1998-06-01,14.52,0.11,20.40,0.13,8.78,0.07,17.29,0.07
1998-07-01,15.34,0.07,20.97,0.06,9.71,0.17,17.61,0.06
1998-08-01,14.87,0.07,20.50,0.13,9.34,0.22,17.49,0.06
1998-09-01,12.67,0.05,18.34,0.12,7.15,0.18,16.66,0.06
1998-10-01,9.94,0.06,15.51,0.12,4.45,0.12,15.77,0.06
1998-11-01,6.40,0.08,11.87,0.09,1.04,0.08,14.70,0.06
1998-12-01,4.67,0.04,10.08,0.08,-0.66,0.10,14.21,0.06
1999-01-01,3.54,0.07,8.88,0.07,-1.73,0.11,13.93,0.06
1999-02-01,4.69,0.09,10.40,0.06,-0.96,0.10,14.37,0.07
1999-03-01,5.53,0.10,11.40,0.11,-0.27,0.09,14.68,0.07
1999-04-01,8.84,0.06,14.81,0.09,2.93,0.17,15.57,0.06
1999-05-01,11.71,0.04,17.61,0.12,5.82,0.15,16.30,0.06
1999-06-01,14.03,0.07,19.83,0.12,8.21,0.13,16.96,0.06
1999-07-01,14.85,0.10,20.58,0.09,9.24,0.12,17.22,0.06
1999-08-01,14.35,0.09,20.16,0.08,8.70,0.12,17.10,0.06
1999-09-01,12.72,0.06,18.47,0.17,7.11,0.13,16.61,0.06
1999-10-01,10.00,0.10,15.58,0.11,4.49,0.06,15.68,0.06
1999-11-01,6.59,0.08,12.12,0.08,1.11,0.09,14.67,0.06
1999-12-01,4.57,0.09,9.95,0.09,-0.69,0.08,14.13,0.06
2000-01-01,2.95,0.09,8.35,0.10,-2.32,0.07,13.77,0.06
2000-02-01,4.18,0.09,9.86,0.10,-1.37,0.09,14.27,0.07
2000-03-01,6.22,0.12,12.20,0.13,0.38,0.08,14.85,0.07
2000-04-01,9.55,0.07,15.53,0.16,3.68,0.15,15.76,0.06
2000-05-01,11.87,0.06,17.72,0.13,6.00,0.20,16.39,0.06
2000-06-01,14.06,0.10,19.85,0.21,8.24,0.16,17.00,0.07
2000-07-01,14.85,0.12,20.66,0.11,9.10,0.10,17.24,0.07
2000-08-01,14.52,0.09,20.31,0.10,8.80,0.15,17.24,0.06
2000-09-01,12.55,0.06,18.37,0.12,6.82,0.14,16.61,0.06
2000-10-01,9.49,0.05,15.07,0.13,4.00,0.10,15.59,0.06
2000-11-01,6.31,0.08,11.67,0.09,1.00,0.06,14.63,0.06
2000-12-01,3.86,0.06,9.18,0.11,-1.33,0.07,13.97,0.06
2001-01-01,3.34,0.08,8.83,0.09,-2.08,0.06,13.94,0.06
2001-02-01,3.72,0.11,9.49,0.06,-2.00,0.09,14.18,0.07
2001-03-01,6.21,0.06,12.13,0.09,0.41,0.12,14.98,0.06
2001-04-01,9.24,0.10,15.17,0.12,3.23,0.15,15.81,0.07
2001-05-01,12.27,0.10,18.18,0.13,6.35,0.11,16.57,0.07
2001-06-01,14.11,0.09,19.96,0.13,8.22,0.13,17.15,0.06
2001-07-01,15.16,0.10,20.92,0.10,9.43,0.15,17.45,0.07
2001-08-01,14.43,0.12,20.33,0.10,8.66,0.18,17.29,0.07
2001-09-01,12.74,0.09,18.58,0.11,7.07,0.17,16.76,0.07
2001-10-01,9.94,0.07,15.58,0.10,4.35,0.11,15.83,0.06
2001-11-01,7.32,0.09,12.89,0.09,1.92,0.08,15.01,0.06
2001-12-01,4.51,0.06,9.84,0.11,-0.69,0.09,14.24,0.06
2002-01-01,4.03,0.07,9.46,0.12,-1.32,0.09,14.26,0.06
2002-02-01,4.70,0.08,10.44,0.10,-0.95,0.06,14.51,0.07
2002-03-01,6.77,0.03,12.78,0.08,0.89,0.11,15.20,0.06
2002-04-01,9.23,0.05,15.15,0.10,3.31,0.15,15.82,0.06
2002-05-01,12.25,0.08,18.16,0.17,6.20,0.20,16.61,0.06
2002-06-01,14.08,0.05,19.91,0.14,8.18,0.15,17.11,0.06
2002-07-01,15.35,0.08,21.20,0.07,9.41,0.10,17.49,0.06
2002-08-01,14.56,0.07,20.44,0.14,8.81,0.14,17.33,0.06
2002-09-01,12.95,0.10,18.79,0.13,7.16,0.08,16.80,0.07
2002-10-01,9.99,0.08,15.60,0.17,4.48,0.15,15.86,0.06
2002-11-01,6.89,0.12,12.48,0.14,1.39,0.14,14.86,0.07
2002-12-01,4.04,0.06,9.36,0.12,-1.19,0.04,14.13,0.06
2003-01-01,3.98,0.07,9.56,0.12,-1.48,0.09,14.21,0.06
2003-02-01,4.08,0.10,9.75,0.09,-1.48,0.11,14.36,0.07
2003-03-01,6.05,0.06,11.97,0.08,0.21,0.13,14.97,0.06
2003-04-01,9.15,0.07,15.03,0.10,3.21,0.12,15.77,0.06
2003-05-01,12.15,0.10,18.12,0.14,6.21,0.16,16.57,0.06
2003-06-01,14.02,0.14,19.77,0.12,8.22,0.15,17.10,0.07
2003-07-01,14.98,0.18,20.76,0.12,9.22,0.15,17.42,0.08
2003-08-01,14.69,0.09,20.48,0.08,8.97,0.12,17.40,0.06
2003-09-01,12.91,0.07,18.69,0.18,7.22,0.18,16.84,0.06
2003-10-01,10.42,0.09,16.11,0.12,4.74,0.09,16.00,0.06
2003-11-01,6.73,0.07,12.20,0.13,1.35,0.12,14.84,0.06
2003-12-01,5.13,0.06,10.54,0.09,-0.18,0.09,14.44,0.06
2004-01-01,3.53,0.06,8.90,0.11,-1.65,0.10,14.10,0.06
2004-02-01,4.50,0.10,10.17,0.09,-1.18,0.07,14.49,0.07
2004-03-01,6.32,0.07,12.28,0.08,0.38,0.09,14.99,0.06
2004-04-01,9.25,0.06,15.13,0.11,3.29,0.13,15.81,0.06
2004-05-01,11.57,0.07,17.30,0.07,5.71,0.14,16.38,0.06
2004-06-01,13.89,0.10,19.66,0.13,8.04,0.15,17.01,0.06
2004-07-01,14.31,0.12,20.09,0.12,8.62,0.13,17.23,0.07
2004-08-01,14.19,0.10,20.01,0.09,8.38,0.08,17.27,0.06
2004-09-01,12.64,0.08,18.45,0.12,6.91,0.11,16.75,0.06
2004-10-01,10.13,0.09,15.84,0.12,4.51,0.09,15.89,0.06
2004-11-01,7.32,0.09,12.80,0.13,1.91,0.08,15.02,0.06
2004-12-01,4.26,0.06,9.59,0.15,-0.93,0.08,14.16,0.06
2005-01-01,3.81,0.06,9.03,0.14,-1.38,0.07,14.16,0.06
2005-02-01,3.92,0.12,9.51,0.09,-1.53,0.05,14.29,0.07
2005-03-01,6.54,0.06,12.32,0.10,0.81,0.07,15.11,0.06
2005-04-01,9.62,0.05,15.55,0.13,3.70,0.16,15.98,0.06
2005-05-01,12.23,0.09,18.00,0.13,6.39,0.17,16.63,0.06
2005-06-01,14.48,0.08,20.10,0.14,8.86,0.14,17.25,0.06
2005-07-01,15.19,0.09,20.88,0.09,9.57,0.16,17.50,0.06
2005-08-01,14.51,0.08,20.25,0.09,8.93,0.15,17.38,0.06
2005-09-01,13.22,0.08,19.11,0.11,7.41,0.15,16.90,0.06
2005-10-01,10.60,0.06,16.23,0.10,5.00,0.09,16.03,0.06
2005-11-01,7.42,0.07,12.94,0.11,1.99,0.07,15.01,0.06
2005-12-01,4.88,0.05,10.28,0.12,-0.40,0.07,14.33,0.06
2006-01-01,3.29,0.06,8.62,0.11,-1.94,0.11,13.99,0.06
2006-02-01,4.43,0.12,10.12,0.18,-1.23,0.09,14.44,0.07
2006-03-01,6.33,0.08,12.24,0.10,0.56,0.10,14.97,0.06
2006-04-01,9.05,0.09,15.00,0.19,3.08,0.17,15.73,0.06
2006-05-01,11.79,0.09,17.65,0.25,5.79,0.21,16.46,0.06
2006-06-01,14.44,0.09,20.32,0.16,8.53,0.13,17.22,0.06
2006-07-01,15.04,0.12,20.91,0.22,9.29,0.13,17.42,0.06
2006-08-01,14.91,0.11,20.79,0.12,9.15,0.18,17.48,0.06
2006-09-01,12.88,0.10,18.78,0.10,7.08,0.17,16.79,0.06
2006-10-01,10.29,0.08,15.93,0.09,4.80,0.13,15.94,0.06
2006-11-01,6.96,0.08,12.45,0.12,1.52,0.16,14.93,0.06
2006-12-01,4.99,0.07,10.35,0.15,-0.24,0.08,14.41,0.06
2007-01-01,4.58,0.06,10.08,0.15,-0.82,0.07,14.42,0.06
2007-02-01,4.22,0.08,10.04,0.08,-1.50,0.07,14.41,0.06
2007-03-01,6.49,0.11,12.48,0.10,0.52,0.14,15.02,0.07
2007-04-01,9.82,0.11,15.81,0.18,3.88,0.21,15.93,0.06
2007-05-01,12.52,0.07,18.40,0.17,6.57,0.16,16.63,0.06
2007-06-01,14.31,0.07,20.22,0.10,8.37,0.13,17.17,0.06
2007-07-01,15.23,0.12,21.11,0.12,9.48,0.17,17.48,0.06
2007-08-01,14.75,0.11,20.64,0.15,9.03,0.19,17.34,0.06
2007-09-01,12.93,0.10,18.84,0.15,7.18,0.16,16.74,0.06
2007-10-01,10.33,0.10,16.13,0.13,4.61,0.12,15.87,0.06
2007-11-01,7.08,0.09,12.77,0.13,1.48,0.10,14.82,0.06
2007-12-01,4.52,0.06,9.87,0.10,-0.68,0.11,14.11,0.06
2008-01-01,2.84,0.06,8.15,0.16,-2.38,0.11,13.72,0.06
2008-02-01,3.58,0.07,9.35,0.08,-2.11,0.10,14.06,0.06
2008-03-01,6.91,0.10,12.99,0.11,0.88,0.11,15.08,0.06
2008-04-01,9.29,0.08,15.42,0.12,3.17,0.13,15.73,0.06
2008-05-01,12.05,0.07,17.99,0.08,6.05,0.15,16.50,0.06
2008-06-01,14.14,0.10,19.97,0.09,8.27,0.14,17.08,0.06
2008-07-01,15.17,0.07,21.01,0.14,9.41,0.16,17.45,0.05
2008-08-01,14.38,0.11,20.18,0.07,8.59,0.14,17.28,0.06
2008-09-01,12.80,0.09,18.63,0.09,7.12,0.15,16.76,0.06
2008-10-01,10.40,0.08,16.04,0.09,4.85,0.12,15.93,0.06
2008-11-01,7.22,0.06,12.74,0.11,1.80,0.10,14.92,0.05
2008-12-01,4.38,0.06,9.83,0.11,-0.95,0.13,14.15,0.06
2009-01-01,3.69,0.08,9.18,0.10,-1.76,0.11,14.09,0.06
2009-02-01,4.09,0.08,9.82,0.06,-1.55,0.08,14.27,0.06
2009-03-01,6.09,0.06,12.06,0.09,0.13,0.11,14.87,0.06
2009-04-01,9.37,0.08,15.38,0.10,3.32,0.19,15.82,0.06
2009-05-01,12.11,0.10,18.01,0.18,6.14,0.17,16.57,0.06
2009-06-01,14.20,0.07,20.06,0.17,8.30,0.12,17.26,0.06
2009-07-01,15.23,0.15,21.09,0.10,9.46,0.13,17.58,0.07
2009-08-01,14.65,0.11,20.58,0.10,8.85,0.14,17.43,0.06
2009-09-01,13.15,0.05,19.01,0.09,7.40,0.13,16.86,0.05
2009-10-01,10.14,0.07,15.79,0.09,4.56,0.10,15.91,0.06
2009-11-01,7.03,0.09,12.57,0.09,1.64,0.13,14.97,0.06
2009-12-01,4.31,0.08,9.66,0.12,-0.94,0.10,14.30,0.06
2010-01-01,3.74,0.08,9.24,0.09,-1.68,0.08,14.21,0.06
2010-02-01,4.40,0.08,10.03,0.08,-1.11,0.08,14.52,0.06
2010-03-01,6.74,0.06,12.67,0.07,0.80,0.12,15.22,0.06
2010-04-01,9.67,0.09,15.62,0.15,3.76,0.16,16.04,0.06
2010-05-01,12.41,0.08,18.17,0.14,6.52,0.13,16.73,0.06
2010-06-01,14.42,0.09,20.25,0.12,8.49,0.13,17.27,0.06
2010-07-01,15.21,0.09,20.97,0.08,9.55,0.14,17.53,0.06
2010-08-01,14.77,0.11,20.66,0.06,8.98,0.12,17.41,0.06
2010-09-01,12.86,0.07,18.60,0.09,7.25,0.12,16.76,0.05
2010-10-01,10.44,0.07,16.11,0.08,4.91,0.12,15.94,0.06
2010-11-01,7.49,0.10,13.17,0.13,1.95,0.10,14.99,0.06
2010-12-01,4.29,0.10,9.89,0.14,-1.14,0.09,14.12,0.06
2011-01-01,3.28,0.08,8.72,0.10,-2.03,0.13,13.93,0.06
2011-02-01,3.74,0.07,9.44,0.08,-1.91,0.10,14.19,0.06
2011-03-01,6.10,0.06,11.96,0.10,0.31,0.14,14.88,0.06
2011-04-01,9.48,0.05,15.45,0.15,3.52,0.16,15.83,0.06
2011-05-01,11.99,0.06,17.92,0.10,6.02,0.17,16.52,0.06
2011-06-01,14.37,0.08,20.23,0.10,8.48,0.14,17.20,0.06
2011-07-01,15.48,0.11,21.32,0.13,9.68,0.11,17.57,0.06
2011-08-01,15.01,0.09,20.92,0.11,9.21,0.13,17.48,0.06
2011-09-01,12.91,0.08,18.89,0.14,7.00,0.15,16.76,0.06
2011-10-01,10.35,0.09,16.07,0.08,4.85,0.12,15.87,0.06
2011-11-01,6.81,0.11,12.39,0.09,1.43,0.16,14.80,0.06
2011-12-01,4.65,0.11,10.10,0.18,-0.64,0.13,14.20,0.06
2012-01-01,3.16,0.09,8.69,0.14,-2.23,0.12,13.86,0.06
2012-02-01,3.63,0.10,9.38,0.08,-2.07,0.14,14.16,0.06
2012-03-01,6.02,0.05,12.03,0.08,0.07,0.16,14.86,0.06
2012-04-01,9.68,0.06,15.68,0.13,3.69,0.14,15.88,0.06
2012-05-01,12.59,0.11,18.61,0.11,6.46,0.16,16.70,0.06
2012-06-01,14.49,0.08,20.43,0.10,8.51,0.14,17.25,0.06
2012-07-01,15.08,0.08,21.01,0.08,9.23,0.11,17.45,0.06
2012-08-01,14.72,0.07,20.71,0.08,8.84,0.22,17.42,0.06
2012-09-01,13.04,0.07,19.07,0.09,7.18,0.19,16.88,0.06
2012-10-01,10.43,0.10,16.20,0.10,4.76,0.13,16.02,0.06
2012-11-01,7.16,0.12,12.69,0.15,1.80,0.13,15.00,0.06
2012-12-01,4.10,0.09,9.50,0.15,-1.16,0.10,14.14,0.06
2013-01-01,3.69,0.10,9.26,0.15,-1.73,0.09,14.12,0.06
2013-02-01,4.22,0.09,9.95,0.06,-1.47,0.15,14.36,0.07
2013-03-01,6.26,0.09,12.33,0.09,0.17,0.14,14.95,0.07
2013-04-01,9.04,0.10,15.08,0.15,3.06,0.18,15.75,0.07
2013-05-01,12.20,0.10,18.11,0.14,6.26,0.20,16.61,0.07
2013-06-01,14.57,0.09,20.44,0.16,8.69,0.17,17.26,0.06
2013-07-01,15.00,0.13,20.74,0.10,9.33,0.15,17.50,0.07
2013-08-01,14.74,0.13,20.60,0.12,9.01,0.18,17.46,0.07
2013-09-01,13.15,0.10,18.95,0.08,7.48,0.19,16.89,0.06
2013-10-01,10.26,0.08,15.99,0.10,4.66,0.14,15.90,0.06
2013-11-01,7.42,0.08,12.96,0.11,2.02,0.12,15.11,0.06
2013-12-01,4.72,0.09,10.08,0.13,-0.55,0.10,14.34,0.07
2014-01-01,3.73,0.07,9.33,0.14,-1.76,0.09,14.14,0.06
2014-02-01,3.50,0.07,9.15,0.07,-2.08,0.10,14.16,0.07
2014-03-01,6.38,0.10,12.37,0.11,0.44,0.14,15.09,0.07
2014-04-01,9.59,0.11,15.53,0.09,3.62,0.19,16.04,0.07
2014-05-01,12.58,0.07,18.36,0.16,6.61,0.17,16.80,0.06
2014-06-01,14.34,0.10,20.13,0.10,8.47,0.16,17.30,0.06
2014-07-01,14.87,0.08,20.71,0.09,9.11,0.14,17.51,0.06
2014-08-01,14.88,0.12,20.79,0.10,9.05,0.17,17.61,0.06
2014-09-01,13.09,0.09,18.86,0.11,7.40,0.15,16.98,0.06
2014-10-01,10.33,0.08,16.07,0.11,4.69,0.13,16.03,0.06
2014-11-01,6.71,0.12,12.28,0.12,1.31,0.12,14.90,0.06
2014-12-01,4.85,0.09,10.19,0.15,-0.33,0.12,14.41,0.06
2015-01-01,3.88,0.13,9.43,0.09,-1.52,0.10,14.26,0.07
2015-02-01,4.66,0.12,10.50,0.09,-1.14,0.11,14.56,0.07
2015-03-01,6.74,0.06,12.66,0.10,0.89,0.08,15.19,0.06
2015-04-01,9.31,0.09,15.22,0.14,3.40,0.15,15.96,0.06
2015-05-01,12.31,0.08,18.18,0.12,6.31,0.15,16.77,0.06
2015-06-01,14.51,0.07,20.36,0.13,8.63,0.17,17.39,0.06
2015-07-01,15.05,0.09,20.90,0.11,9.33,0.23,17.61,0.06
2015-08-01,14.76,0.07,20.70,0.11,9.00,0.17,17.59,0.06
2015-09-01,13.00,0.08,18.84,0.09,7.20,0.23,17.05,0.06
2015-10-01,10.80,0.10,16.45,0.06,5.23,0.12,16.29,0.06
2015-11-01,7.43,0.12,12.89,0.09,2.16,0.11,15.25,0.06
2015-12-01,5.52,0.10,10.72,0.15,0.29,0.10,14.77,0.06
