dt,land_avg,land_avg_uncer,landmax_temp,landmax_temp_uncer,landmin_temp,landmin_temp_uncer,landoceanavg_temp,landoceanavg_temp_uncer
1900-01-01,1.461,0.276,7.193,0.465,-4.102,0.395,13.142,0.142
1900-02-01,3.0980000000000003,0.416,9.181,0.604,-2.814,0.626,13.777,0.173
1900-03-01,5.492000000000001,0.261,11.377,0.327,-0.68,0.61,14.4,0.141
1900-04-01,8.222999999999999,0.292,13.972,0.342,2.131,0.394,15.17,0.151
1900-05-01,11.385,0.357,17.415000000000006,0.329,5.178999999999999,0.379,15.955,0.159
1900-06-01,13.293,0.282,19.434,0.443,7.112,0.288,16.515,0.147
1900-07-01,14.171,0.345,19.897,0.3720000000000001,8.095,0.311,16.785,0.154
1900-08-01,13.816,0.383,19.85,0.343,7.891999999999999,0.377,16.699,0.159
1900-09-01,11.955,0.293,17.817999999999998,0.382,5.9670000000000005,0.337,16.124000000000002,0.147
1900-10-01,9.666,0.255,15.544,0.275,3.833,0.318,15.373,0.14
1900-11-01,5.803999999999999,0.276,11.527,0.454,0.121,0.409,14.189,0.1369999999999999
1900-12-01,3.655,0.341,9.466,0.315,-1.826,0.431,13.598,0.153
1901-01-01,2.1910000000000003,0.291,7.995999999999999,0.604,-3.491,0.49,13.29,0.141
1901-02-01,3.092,0.418,9.038,0.371,-2.678,0.539,13.66,0.163
1901-03-01,5.671,0.251,11.476,0.37,-0.644,0.395,14.383,0.138
1901-04-01,8.522,0.326,14.733,0.368,2.264,0.376,15.22,0.151
1901-05-01,11.178,0.339,17.315,0.397,4.855,0.39,15.936,0.154
1901-06-01,13.423,0.283,19.315,0.386,7.151000000000002,0.3670000000000001,16.441000000000006,0.145
1901-07-01,14.339,0.35,20.34,0.43,8.161,0.374,16.718,0.158
1901-08-01,13.789,0.343,19.898,0.398,7.659999999999998,0.411,16.663,0.148
1901-09-01,11.984000000000002,0.305,17.929000000000006,0.464,5.819,0.322,16.000999999999998,0.14
1901-10-01,9.003,0.239,15.002,0.368,2.998,0.338,15.087,0.138
1901-11-01,5.976,0.263,12.043,0.55,0.0709999999999999,0.398,14.101,0.1369999999999999
1901-12-01,3.335,0.267,9.061,0.672,-2.28,0.37,13.38,0.136
1902-01-01,2.684,0.256,8.796999999999997,0.569,-3.031,0.369,13.302,0.13
1902-02-01,3.606,0.354,9.814,0.341,-2.504,0.452,13.691,0.148
1902-03-01,4.883,0.228,11.166,0.439,-1.339,0.294,14.1,0.127
1902-04-01,7.955999999999999,0.321,13.884,0.357,1.5619999999999998,0.358,14.958,0.141
1902-05-01,10.893,0.341,16.986,0.536,4.5870000000000015,0.369,15.719,0.145
1902-06-01,13.214,0.264,19.338,0.475,6.894,0.32,16.284000000000002,0.129
1902-07-01,14.231,0.356,20.2,0.536,7.965,0.339,16.69,0.145
1902-08-01,13.599,0.357,19.884,0.297,7.449,0.354,16.590999999999998,0.144
1902-09-01,11.799,0.289,17.897000000000006,0.299,5.555,0.3720000000000001,16.032,0.134
1902-10-01,8.801,0.21,14.811,0.271,2.759,0.347,14.991,0.121
1902-11-01,5.274,0.267,11.159,0.335,-0.46,0.327,13.902,0.128
1902-12-01,2.713,0.27,8.435,0.277,-2.992,0.373,13.24,0.134
1903-01-01,2.514,0.224,8.415,0.442,-3.1870000000000003,0.403,13.275,0.128
1903-02-01,3.555,0.247,9.297,0.429,-2.49,0.494,13.668,0.132
1903-03-01,4.93,0.212,10.963,0.294,-1.158,0.412,14.05,0.124
1903-04-01,7.831999999999999,0.292,13.958,0.32,1.6980000000000002,0.392,14.800999999999998,0.136
1903-05-01,10.794,0.305,16.672,0.398,4.5870000000000015,0.435,15.645,0.139
1903-06-01,12.886,0.268,18.897,0.381,6.723000000000001,0.296,16.160999999999998,0.127
1903-07-01,13.992,0.366,19.787,0.452,7.87,0.364,16.496000000000002,0.146
1903-08-01,13.412,0.377,19.298,0.365,7.557999999999999,0.366,16.304000000000002,0.146
1903-09-01,11.501,0.36,17.355999999999998,0.461,5.642,0.285,15.771,0.145
1903-10-01,8.812000000000001,0.202,14.634,0.417,2.895,0.371,14.835,0.118
1903-11-01,5.516,0.268,11.219,0.391,-0.0509999999999999,0.34,13.828,0.132
1903-12-01,2.898,0.359,8.533,0.327,-2.6870000000000003,0.381,13.205,0.145
1904-01-01,1.6369999999999998,0.387,7.081999999999999,0.516,-3.86,0.398,12.957,0.152
1904-02-01,2.297,0.348,8.507,0.405,-3.583,0.4320000000000001,13.154000000000002,0.147
1904-03-01,4.506,0.268,10.559,0.555,-1.575,0.302,13.859000000000002,0.133
1904-04-01,7.683999999999998,0.284,13.823,0.625,1.4280000000000002,0.299,14.755,0.1369999999999999
1904-05-01,10.84,0.287,16.922,0.516,4.641,0.313,15.573,0.133
1904-06-01,13.014,0.248,19.092,0.532,6.7780000000000005,0.298,16.207,0.128
1904-07-01,13.836,0.296,19.678,0.647,7.777,0.34,16.525000000000002,0.134
1904-08-01,13.459,0.327,19.525,0.451,7.462000000000001,0.321,16.403000000000002,0.1369999999999999
1904-09-01,11.380999999999998,0.265,17.465000000000003,0.392,5.361000000000001,0.253,15.768,0.129
1904-10-01,8.833,0.212,14.902,0.601,3.133,0.314,14.947,0.118
1904-11-01,6.23,0.224,11.997,0.3,0.5579999999999999,0.337,14.144,0.119
1904-12-01,3.374,0.291,9.212,0.46,-2.067,0.446,13.433,0.13
1905-01-01,2.254,0.345,8.017000000000001,0.478,-3.3240000000000003,0.373,13.205,0.14
1905-02-01,1.927,0.303,7.7349999999999985,0.28,-3.951,0.411,13.206,0.1369999999999999
1905-03-01,4.635,0.235,10.466,0.515,-1.308,0.38,14.035,0.125
1905-04-01,7.754999999999999,0.255,13.622,0.341,1.493,0.417,14.857,0.128
1905-05-01,10.982,0.28,16.945999999999998,0.38,4.819000000000001,0.451,15.788,0.131
1905-06-01,13.112,0.264,19.11,0.379,6.944000000000001,0.341,16.379,0.125
1905-07-01,14.077,0.307,19.877,0.441,8.038,0.342,16.651,0.133
1905-08-01,13.578,0.327,19.619,0.368,7.719999999999999,0.345,16.558,0.134
1905-09-01,11.803999999999998,0.252,17.684,0.363,5.928,0.311,16.004,0.123
1905-10-01,9.041,0.239,14.866,0.275,3.117,0.385,15.091,0.122
1905-11-01,6.183,0.282,11.984000000000002,0.28,0.574,0.403,14.232,0.127
1905-12-01,3.354,0.256,9.06,0.334,-1.931,0.3720000000000001,13.45,0.123
1906-01-01,2.068,0.313,8.086,0.42,-3.637000000000001,0.294,13.25,0.1369999999999999
1906-02-01,2.301,0.3229999999999999,8.125,0.393,-3.343,0.344,13.502,0.135
1906-03-01,4.8660000000000005,0.2,11.008,0.264,-1.229,0.353,14.245,0.117
1906-04-01,8.626,0.242,14.786,0.581,2.422,0.383,15.23,0.122
1906-05-01,11.239999999999998,0.29,17.146,0.4370000000000001,4.9220000000000015,0.426,15.769,0.132
1906-06-01,13.334,0.289,19.287,0.3229999999999999,7.275,0.321,16.436,0.127
1906-07-01,14.122,0.3229999999999999,20.058,0.391,8.186,0.345,16.662,0.1369999999999999
1906-08-01,13.691,0.34,19.539,0.462,7.842999999999999,0.358,16.593,0.134
1906-09-01,11.771999999999998,0.237,17.522000000000002,0.298,5.884,0.338,15.95,0.122
1906-10-01,9.267,0.182,14.943,0.254,3.479,0.299,15.152,0.116
1906-11-01,5.501,0.192,11.17,0.327,-0.3009999999999999,0.322,14.054,0.116
1906-12-01,3.761,0.368,9.258,0.458,-1.664,0.3229999999999999,13.54,0.148
1907-01-01,1.798,0.274,7.903,0.38,-3.867,0.324,13.108,0.128
1907-02-01,2.117,0.268,7.9929999999999986,0.383,-3.603,0.285,13.257,0.129
1907-03-01,4.575,0.209,10.61,0.352,-1.6,0.249,14.15,0.123
1907-04-01,7.579,0.263,13.401,0.37,1.521,0.281,14.918,0.133
1907-05-01,10.375,0.28,16.335,0.465,4.0840000000000005,0.35,15.602,0.132
1907-06-01,12.729,0.267,18.576,0.403,6.509,0.316,16.253,0.13
1907-07-01,13.769,0.307,19.626,0.598,7.761,0.348,16.596,0.133
1907-08-01,13.362,0.326,19.187,0.318,7.464999999999999,0.35,16.456,0.132
1907-09-01,11.665,0.243,17.442999999999998,0.253,5.59,0.299,15.902,0.119
1907-10-01,9.234,0.191,15.079,0.283,3.32,0.361,15.159,0.115
1907-11-01,5.207000000000001,0.207,10.71,0.31,-0.5570000000000002,0.325,13.872,0.115
1907-12-01,2.9560000000000004,0.251,8.831,0.27,-2.585,0.288,13.225,0.121
1908-01-01,2.3040000000000003,0.252,8.117999999999999,0.3,-3.548,0.287,13.16,0.123
1908-02-01,2.769,0.269,8.527000000000001,0.411,-3.177,0.348,13.441,0.124
1908-03-01,4.136,0.317,10.384,0.38,-2.101,0.453,13.783,0.1369999999999999
1908-04-01,7.831999999999999,0.295,13.853,0.332,1.735,0.5429999999999999,14.800999999999998,0.129
1908-05-01,11.140999999999998,0.285,16.958000000000002,0.388,4.86,0.388,15.757,0.13
1908-06-01,13.293,0.248,19.063,0.388,6.902,0.29,16.289,0.119
1908-07-01,14.197,0.303,19.748,0.419,8.113,0.37,16.618000000000002,0.129
1908-08-01,13.376,0.336,19.359,0.363,7.499,0.346,16.365000000000002,0.134
1908-09-01,11.977,0.252,17.781000000000006,0.325,5.977,0.261,15.93,0.119
1908-10-01,8.865,0.209,14.675,0.29,2.948,0.329,14.883,0.112
1908-11-01,5.272,0.221,11.098,0.296,-0.5760000000000001,0.451,13.842,0.116
1908-12-01,3.071,0.31,8.901,0.332,-2.535,0.368,13.189,0.129
1909-01-01,1.395,0.314,7.121,0.377,-4.298,0.449,12.839,0.132
1909-02-01,2.7060000000000004,0.273,8.571,0.465,-3.447,0.357,13.35,0.125
1909-03-01,4.589,0.249,10.659,0.472,-1.6769999999999998,0.478,13.852,0.122
1909-04-01,7.534,0.269,13.425999999999998,0.414,1.395,0.42,14.719,0.122
1909-05-01,10.611,0.3,16.668000000000006,0.428,4.380000000000001,0.394,15.6,0.127
1909-06-01,12.962,0.232,18.71,0.281,6.766,0.327,16.191000000000006,0.114
1909-07-01,14.06,0.299,19.787,0.366,8.05,0.343,16.437,0.123
1909-08-01,13.752,0.319,19.625,0.353,7.752999999999999,0.371,16.496000000000002,0.126
1909-09-01,11.879,0.237,17.891000000000005,0.287,5.778,0.354,15.849,0.112
1909-10-01,9.192,0.178,15.139,0.327,3.221,0.34,14.941,0.102
1909-11-01,6.236000000000001,0.205,11.959,0.216,0.3229999999999999,0.381,13.993,0.108
1909-12-01,3.2230000000000003,0.278,8.763,0.423,-2.353,0.326,13.217,0.121
1910-01-01,2.333,0.24,8.094999999999999,0.565,-3.2700000000000005,0.381,13.139,0.114
1910-02-01,2.779,0.273,8.388,0.344,-3.2260000000000004,0.489,13.317,0.122
1910-03-01,4.606,0.213,10.781,0.334,-1.675,0.421,13.872,0.112
1910-04-01,8.104999999999999,0.252,14.37,0.305,1.704,0.422,14.845,0.12
1910-05-01,11.005,0.31,17.03,0.327,4.675000000000002,0.514,15.712,0.128
1910-06-01,13.151,0.232,19.027,0.246,6.871,0.422,16.264000000000006,0.11
1910-07-01,14.279000000000002,0.322,19.952,0.318,8.205,0.385,16.543,0.13
1910-08-01,13.677,0.321,19.425,0.302,7.605999999999999,0.395,16.477,0.126
1910-09-01,11.733,0.243,17.623,0.286,5.6690000000000005,0.398,15.875,0.112
1910-10-01,9.006,0.203,14.905,0.243,2.986,0.377,15.019,0.105
1910-11-01,5.318,0.223,11.072,0.42,-0.6540000000000001,0.434,13.75,0.109
1910-12-01,2.684,0.289,8.5,0.273,-2.999,0.459,13.015999999999998,0.123
1911-01-01,1.66,0.33,7.132999999999999,0.4370000000000001,-3.969,0.285,12.908,0.128
1911-02-01,2.4530000000000003,0.214,8.15,0.575,-3.664,0.318,13.164,0.107
1911-03-01,4.347,0.199,10.362,0.28,-1.743,0.315,13.752,0.108
1911-04-01,7.989999999999998,0.248,14.081,0.382,1.856,0.399,14.716,0.115
1911-05-01,10.829,0.279,16.71,0.369,4.6320000000000014,0.307,15.497,0.119
1911-06-01,13.009,0.231,19.091,0.231,6.7780000000000005,0.238,16.108,0.108
1911-07-01,14.082,0.292,19.987,0.335,8.052999999999999,0.327,16.430999999999997,0.122
1911-08-01,13.499,0.329,19.396,0.352,7.606999999999998,0.316,16.387,0.126
1911-09-01,11.638,0.233,17.491000000000003,0.242,5.723,0.27,15.799,0.118
1911-10-01,9.263,0.193,14.99,0.249,3.401,0.274,15.063,0.108
1911-11-01,5.964,0.184,11.652,0.303,0.3089999999999999,0.338,14.062,0.108
1911-12-01,3.39,0.242,8.811,0.298,-1.981,0.336,13.425,0.115
1912-01-01,2.402,0.309,7.911,0.253,-3.305,0.329,13.249,0.125
1912-02-01,3.354,0.251,9.379,0.335,-2.718,0.594,13.595,0.115
1912-03-01,4.356,0.226,10.725,0.298,-1.981,0.346,13.995,0.115
1912-04-01,8.229,0.262,14.069,0.271,2.091,0.391,15.065,0.118
1912-05-01,11.254,0.308,17.389000000000006,0.383,4.992000000000001,0.383,15.813,0.126
1912-06-01,13.435,0.25,19.351,0.277,7.166,0.37,16.397000000000002,0.113
1912-07-01,13.723,0.293,19.729,0.368,7.915999999999999,0.345,16.509,0.12
1912-08-01,13.053,0.318,19.027,0.376,7.276999999999999,0.333,16.309,0.125
1912-09-01,11.222,0.252,17.435000000000002,0.331,5.227,0.265,15.685,0.117
1912-10-01,8.366999999999999,0.201,14.133,0.395,2.497,0.211,14.751,0.108
1912-11-01,5.521,0.188,11.185,0.345,-0.2909999999999999,0.287,13.928,0.107
1912-12-01,3.069,0.243,8.307,0.339,-2.459,0.343,13.23,0.114
1913-01-01,2.083,0.295,7.6549999999999985,0.442,-3.657,0.4,13.066,0.122
1913-02-01,2.376,0.295,8.232999999999999,0.328,-3.4850000000000003,0.523,13.344,0.122
1913-03-01,4.517,0.219,10.4,0.274,-1.597,0.342,13.953,0.11
1913-04-01,8.023,0.246,14.219,0.355,1.91,0.334,14.957,0.117
1913-05-01,10.745,0.288,16.815,0.355,4.652,0.357,15.679,0.123
1913-06-01,13.005,0.266,19.075,0.37,6.667000000000002,0.364,16.215999999999998,0.117
1913-07-01,14.137,0.298,20.256,0.327,7.967,0.355,16.552,0.122
1913-08-01,13.724,0.325,19.805,0.359,7.7349999999999985,0.37,16.496000000000002,0.126
1913-09-01,11.759,0.237,17.833000000000006,0.332,5.629,0.287,15.867,0.111
1913-10-01,9.077,0.194,14.904000000000002,0.256,3.091,0.328,15.028,0.104
1913-11-01,6.024,0.213,11.67,0.305,0.347,0.278,14.123,0.111
1913-12-01,4.103,0.271,9.556,0.443,-1.4300000000000002,0.288,13.624,0.12
1914-01-01,3.3760000000000003,0.307,8.822000000000001,0.369,-2.334,0.298,13.545,0.128
1914-02-01,3.2,0.225,8.501999999999999,0.469,-2.551,0.338,13.576,0.111
1914-03-01,4.942,0.221,11.039,0.277,-1.31,0.294,14.103,0.116
1914-04-01,8.097999999999999,0.244,14.050999999999998,0.262,1.888,0.303,15.018,0.119
1914-05-01,11.284999999999998,0.284,17.199,0.301,5.2330000000000005,0.331,15.857,0.127
1914-06-01,13.496,0.233,19.335,0.255,7.218999999999999,0.255,16.421000000000006,0.114
1914-07-01,14.298,0.307,20.065,0.309,8.182,0.336,16.653,0.131
1914-08-01,13.73,0.318,19.692,0.321,7.869999999999999,0.324,16.692,0.132
1914-09-01,11.915,0.23,17.747000000000003,0.23,5.8660000000000005,0.245,16.075,0.1369999999999999
1914-10-01,9.387,0.183,15.271,0.237,3.567,0.26,15.223,0.124
1914-11-01,5.759,0.195,11.287,0.399,0.2389999999999999,0.329,14.155,0.125
1914-12-01,3.6,0.276,8.764,0.371,-1.624,0.334,13.597,0.139
1915-01-01,2.299,0.246,7.901,0.37,-3.4160000000000004,0.332,13.32,0.134
1915-02-01,3.265,0.261,8.931000000000001,0.419,-2.52,0.375,13.675,0.1369999999999999
1915-03-01,5.143,0.209,11.024,0.272,-1.115,0.355,14.32,0.131
1915-04-01,8.705,0.251,14.607,0.336,2.755,0.324,15.292,0.135
1915-05-01,11.493,0.286,17.141000000000002,0.325,5.371,0.416,16.067,0.138
1915-06-01,13.3,0.249,19.189,0.294,7.154,0.292,16.445,0.133
1915-07-01,14.443,0.295,20.553,0.685,8.455,0.313,16.817,0.145
1915-08-01,13.77,0.326,19.997,0.5820000000000001,7.757999999999999,0.333,16.802,0.144
1915-09-01,11.867,0.259,17.811,0.539,6.037999999999999,0.338,16.102,0.135
1915-10-01,8.984,0.19,14.862,0.302,3.017,0.36,15.093,0.125
1915-11-01,6.216,0.185,12.159,0.337,0.297,0.33,14.254,0.127
1915-12-01,3.633,0.197,9.515,0.327,-2.069,0.377,13.538,0.127
1916-01-01,2.616,0.242,8.309,0.296,-2.927,0.359,13.294,0.134
1916-02-01,2.957,0.264,8.855,0.289,-3.024,0.371,13.581,0.134
1916-03-01,4.846,0.307,10.961,0.308,-1.584,0.32,14.121,0.142
1916-04-01,8.046999999999999,0.257,14.095999999999998,0.272,1.918,0.343,14.975,0.134
1916-05-01,10.972,0.294,17.084,0.374,4.7940000000000005,0.457,15.779000000000002,0.139
1916-06-01,12.942,0.232,18.91,0.357,6.867000000000001,0.376,16.290000000000006,0.126
1916-07-01,14.052,0.301,20.012,0.327,8.184,0.347,16.599,0.145
1916-08-01,13.58,0.3229999999999999,19.484,0.355,7.754,0.338,16.511,0.142
1916-09-01,11.726,0.247,17.634,0.302,5.725,0.306,15.927,0.132
1916-10-01,9.053,0.218,14.763,0.296,3.156,0.195,14.919,0.128
1916-11-01,5.596,0.214,11.22,0.305,-0.3109999999999999,0.257,13.814,0.131
1916-12-01,2.316,0.226,7.837999999999999,0.406,-3.402,0.253,13.005999999999998,0.131
1917-01-01,2.133,0.252,7.847999999999999,0.358,-3.782,0.273,12.84,0.138
1917-02-01,2.36,0.314,8.334,0.398,-3.771,0.307,13.099,0.151
1917-03-01,4.488,0.231,10.552,0.227,-1.983,0.272,13.800999999999998,0.136
1917-04-01,7.854999999999999,0.272,13.932,0.235,1.689,0.317,14.815,0.142
1917-05-01,10.443,0.294,16.421000000000006,0.341,4.3050000000000015,0.373,15.537,0.143
1917-06-01,12.915,0.243,18.889,0.303,6.792000000000002,0.325,16.239,0.132
1917-07-01,14.259,0.296,20.083,0.374,8.377,0.344,16.706,0.144
1917-08-01,13.470999999999998,0.319,19.568,0.507,7.544999999999999,0.349,16.580000000000002,0.149
1917-09-01,11.745,0.242,17.669,0.283,5.796,0.312,16.058,0.142
1917-10-01,8.544,0.173,14.425999999999998,0.279,2.64,0.301,14.942,0.126
1917-11-01,5.82,0.226,11.686,0.253,0.057,0.266,14.002,0.138
1917-12-01,2.247,0.266,7.702999999999999,0.276,-3.43,0.326,13.098,0.145
1918-01-01,1.934,0.251,7.552,0.261,-3.802000000000001,0.371,13.129,0.141
1918-02-01,2.455,0.342,8.256,0.314,-3.568,0.344,13.312,0.156
1918-03-01,4.811,0.257,10.704,0.197,-1.267,0.31,14.034,0.147
1918-04-01,7.643999999999999,0.258,13.706,0.255,1.426,0.38,14.794,0.148
1918-05-01,10.54,0.304,16.48,0.332,4.386,0.359,15.733,0.156
1918-06-01,12.908,0.242,18.731,0.335,6.772,0.407,16.305999999999997,0.14
1918-07-01,14.002,0.301,19.916,0.3670000000000001,7.896,0.384,16.596,0.149
1918-08-01,13.431,0.329,19.326,0.334,7.491999999999999,0.378,16.552,0.147
1918-09-01,11.880999999999998,0.256,17.999000000000006,0.243,5.8,0.29,16.074,0.147
1918-10-01,9.433,0.209,15.332,0.243,3.5780000000000003,0.499,15.252,0.144
1918-11-01,5.683,0.225,11.265,0.2,0.142,0.353,14.297,0.148
1918-12-01,2.8480000000000003,0.245,8.266,0.356,-2.627,0.377,13.439,0.155
1919-01-01,2.184,0.252,7.648999999999999,0.381,-3.3960000000000004,0.453,13.309,0.152
1919-02-01,2.852,0.285,8.626999999999999,0.43,-2.9960000000000004,0.452,13.678,0.151
1919-03-01,4.743,0.27,10.714,0.285,-1.5470000000000002,0.352,14.22,0.148
1919-04-01,8.487,0.292,14.412,0.349,2.441,0.385,15.253,0.15
1919-05-01,10.969,0.286,16.701,0.376,4.881,0.375,15.847,0.14
1919-06-01,13.228,0.241,19.017,0.429,7.102,0.34,16.375,0.132
1919-07-01,14.274,0.299,20.146,0.44,8.264,0.414,16.582,0.144
1919-08-01,13.786,0.335,19.804,0.3670000000000001,7.842,0.333,16.498,0.153
1919-09-01,11.989999999999998,0.25,17.887,0.346,6.126,0.26,16.025,0.141
1919-10-01,9.361,0.216,15.005,0.205,3.522,0.237,15.117,0.129
1919-11-01,5.489,0.23,11.158,0.184,-0.4310000000000001,0.205,13.914,0.136
1919-12-01,3.224,0.245,8.756,0.303,-2.395,0.266,13.263,0.138
1920-01-01,2.841,0.25,8.443999999999999,0.435,-2.942,0.328,13.257,0.1369999999999999
1920-02-01,2.755,0.268,8.266,0.503,-3.109,0.289,13.347,0.136
1920-03-01,5.227,0.231,11.034,0.3,-0.782,0.292,14.25,0.138
1920-04-01,8.293,0.272,14.140999999999998,0.298,2.164,0.419,15.079,0.145
1920-05-01,11.130999999999998,0.31,17.145,0.474,5.126,0.352,15.855,0.141
1920-06-01,13.105,0.245,18.9,0.335,7.057,0.297,16.415000000000006,0.131
1920-07-01,14.245,0.305,20.121,0.477,8.299,0.358,16.692999999999998,0.143
1920-08-01,13.698,0.343,19.647,0.305,7.7719999999999985,0.345,16.625999999999998,0.143
1920-09-01,11.794,0.258,17.810000000000006,0.257,5.85,0.297,16.117,0.133
1920-10-01,9.021,0.212,14.852,0.302,3.1,0.267,15.206,0.125
1920-11-01,5.566,0.229,11.127,0.243,-0.123,0.278,14.159,0.128
1920-12-01,2.629,0.229,8.225,0.31,-3.063,0.402,13.311,0.127
1921-01-01,2.98,0.32,8.737,0.317,-2.709,0.345,13.439,0.146
1921-02-01,3.125,0.236,9.17,0.409,-2.8160000000000003,0.278,13.622,0.129
1921-03-01,5.081,0.276,10.928,0.36,-0.931,0.322,14.128,0.1369999999999999
1921-04-01,8.324,0.262,14.327,0.247,2.252,0.34,15.005,0.129
1921-05-01,11.245,0.282,17.255000000000006,0.306,5.152,0.389,15.826,0.129
1921-06-01,13.44,0.239,19.36,0.299,7.383999999999999,0.366,16.490000000000002,0.122
1921-07-01,14.436,0.302,20.42,0.296,8.424,0.388,16.783,0.136
1921-08-01,13.561,0.326,19.468,0.311,7.600999999999999,0.368,16.618000000000002,0.1369999999999999
1921-09-01,11.869000000000002,0.24,17.785,0.221,5.996,0.235,16.166,0.125
1921-10-01,9.264,0.188,15.124,0.248,3.446,0.244,15.285,0.117
1921-11-01,5.864,0.198,11.362,0.22,0.2,0.236,14.236,0.12
1921-12-01,3.663,0.213,9.157,0.243,-1.874,0.273,13.627,0.123
1922-01-01,2.15,0.214,7.603,0.524,-3.428,0.389,13.177,0.121
1922-02-01,2.376,0.271,8.234,0.529,-3.684,0.434,13.453,0.128
1922-03-01,5.156000000000001,0.223,11.248,0.282,-1.1880000000000002,0.261,14.245,0.121
1922-04-01,8.379999999999999,0.276,14.521,0.23,2.156,0.324,15.168,0.127
1922-05-01,11.097,0.285,16.912000000000006,0.369,4.9830000000000005,0.357,15.778,0.13
1922-06-01,13.331,0.241,19.153,0.299,7.266,0.236,16.406000000000002,0.117
1922-07-01,14.278,0.306,20.098,0.305,8.241,0.352,16.745,0.13
1922-08-01,13.584,0.333,19.475,0.315,7.598999999999998,0.303,16.532,0.134
1922-09-01,11.775,0.255,17.660999999999998,0.232,5.754,0.265,15.981,0.121
1922-10-01,9.056,0.219,14.975,0.202,3.134,0.27,15.043,0.12
1922-11-01,6.046,0.246,11.615,0.26,0.232,0.278,14.117,0.121
1922-12-01,3.667,0.234,8.968,0.241,-1.865,0.29,13.503,0.119
1923-01-01,2.487,0.276,8.209999999999999,0.259,-3.1950000000000003,0.349,13.24,0.127
1923-02-01,2.563,0.262,8.298,0.318,-3.172,0.263,13.358,0.124
1923-03-01,4.8660000000000005,0.226,10.786,0.194,-1.256,0.252,14.049,0.122
1923-04-01,7.749,0.24,13.64,0.283,1.602,0.311,14.959,0.122
1923-05-01,10.848999999999998,0.292,16.825000000000006,0.346,4.790000000000001,0.385,15.724,0.128
1923-06-01,13.296,0.259,19.056,0.231,7.138999999999999,0.277,16.452,0.12
1923-07-01,13.984000000000002,0.3,19.81,0.3229999999999999,8.012,0.343,16.628,0.129
1923-08-01,13.611,0.34,19.445,0.333,7.645,0.3,16.54,0.1369999999999999
1923-09-01,11.883,0.256,17.783,0.291,5.816,0.231,15.992,0.12
1923-10-01,9.52,0.191,15.188,0.341,3.523,0.225,15.249,0.112
1923-11-01,6.377999999999999,0.179,11.871,0.22,0.474,0.232,14.404000000000002,0.112
1923-12-01,3.88,0.216,9.269,0.278,-1.903,0.31,13.739,0.119
1924-01-01,2.339,0.29,7.911999999999999,0.298,-3.502,0.377,13.303,0.134
1924-02-01,2.888,0.288,8.609,0.469,-3.0250000000000004,0.383,13.585,0.127
1924-03-01,5.352,0.208,11.239999999999998,0.183,-0.8059999999999999,0.262,14.325,0.119
1924-04-01,7.97,0.267,13.857,0.274,1.722,0.299,15.081,0.127
1924-05-01,11.188,0.298,17.185000000000002,0.31,4.905,0.325,15.918,0.127
1924-06-01,13.342,0.241,19.195,0.284,7.085000000000001,0.244,16.461000000000002,0.116
1924-07-01,14.304,0.307,20.057,0.322,8.161,0.326,16.724,0.131
1924-08-01,13.654000000000002,0.326,19.519,0.312,7.584999999999999,0.338,16.555999999999997,0.134
1924-09-01,11.957,0.232,17.783,0.219,6.024,0.252,16.003,0.122
1924-10-01,9.203,0.182,14.896,0.243,3.29,0.223,15.042,0.117
1924-11-01,6.4,0.2,11.794,0.191,0.6559999999999999,0.193,14.132,0.116
1924-12-01,3.485,0.243,8.639,0.246,-2.021,0.309,13.342,0.124
1925-01-01,2.268,0.228,7.483999999999999,0.289,-3.1790000000000003,0.283,13.157,0.125
1925-02-01,2.701,0.236,8.51,0.254,-3.314,0.335,13.361,0.121
1925-03-01,5.126,0.224,11.133,0.206,-1.14,0.247,14.155,0.124
1925-04-01,8.442,0.244,14.538,0.272,2.178,0.315,15.011,0.124
1925-05-01,11.039,0.286,17.032,0.324,4.828,0.31,15.855,0.13
1925-06-01,13.089,0.22,19.041,0.283,6.882999999999999,0.276,16.413,0.116
1925-07-01,14.066,0.3,19.971,0.279,8.047,0.306,16.740000000000002,0.129
1925-08-01,13.769,0.32,19.737,0.289,7.723999999999998,0.3670000000000001,16.715999999999998,0.135
1925-09-01,11.979,0.235,17.874000000000006,0.244,6.007999999999999,0.222,16.14,0.126
1925-10-01,9.196,0.193,14.889,0.188,3.287,0.253,15.220999999999998,0.117
1925-11-01,6.34,0.196,11.912,0.193,0.6459999999999999,0.268,14.418,0.118
1925-12-01,4.398,0.207,10.011,0.244,-1.4700000000000002,0.305,13.897,0.122
1926-01-01,3.4530000000000003,0.258,8.785,0.277,-2.2220000000000004,0.233,13.739,0.128
1926-02-01,3.717,0.211,9.503,0.249,-2.307,0.31,13.842,0.115
1926-03-01,5.831,0.178,11.593,0.198,-0.234,0.258,14.536,0.116
1926-04-01,8.193,0.259,14.095,0.298,2.006,0.299,15.214,0.127
1926-05-01,10.931,0.295,16.688000000000002,0.301,4.806,0.335,15.932,0.129
1926-06-01,13.285,0.231,19.214,0.229,7.0790000000000015,0.261,16.581,0.117
1926-07-01,14.168,0.287,19.998,0.297,8.058,0.332,16.766000000000002,0.13
1926-08-01,13.877,0.321,19.695,0.304,7.915999999999999,0.345,16.8,0.135
1926-09-01,12.075,0.242,17.816000000000006,0.231,6.15,0.255,16.222,0.12
1926-10-01,9.55,0.2,15.474,0.193,3.6010000000000004,0.241,15.372,0.115
1926-11-01,6.3,0.208,11.936,0.245,0.618,0.248,14.351,0.116
1926-12-01,3.366,0.222,8.629999999999999,0.25,-2.248,0.264,13.538,0.121
1927-01-01,2.372,0.268,7.935,0.229,-3.5120000000000005,0.251,13.323,0.13
1927-02-01,3.039,0.244,8.67,0.25,-2.866,0.315,13.65,0.12
1927-03-01,4.668,0.223,10.565,0.232,-1.495,0.31,14.084,0.121
1927-04-01,8.035,0.239,14.007,0.256,1.852,0.368,15.045,0.118
1927-05-01,11.104,0.297,16.998,0.28,4.873,0.32,15.873,0.127
1927-06-01,13.271999999999998,0.23,19.136,0.245,7.106,0.265,16.444000000000006,0.114
1927-07-01,14.323,0.302,20.237,0.262,8.283999999999999,0.33,16.812,0.13
1927-08-01,13.698,0.34,19.529,0.3,7.696999999999999,0.314,16.742,0.136
1927-09-01,12.254,0.24,18.109,0.206,6.26,0.251,16.224,0.119
1927-10-01,9.887,0.2,15.627,0.205,4.02,0.268,15.435,0.112
1927-11-01,6.346,0.192,12.072,0.219,0.596,0.268,14.342,0.113
1927-12-01,3.267,0.212,8.689,0.301,-2.3920000000000003,0.283,13.493,0.12
1928-01-01,3.0460000000000003,0.211,8.290999999999999,0.228,-2.631,0.291,13.637,0.121
1928-02-01,3.333,0.241,9.04,0.317,-2.609,0.296,13.722,0.123
1928-03-01,4.959,0.191,10.892,0.23,-1.247,0.296,14.229,0.119
1928-04-01,8.244,0.276,14.193,0.219,2.046,0.304,15.126,0.127
1928-05-01,11.169,0.321,17.060000000000002,0.274,4.981000000000001,0.335,15.88,0.134
1928-06-01,13.113,0.238,18.856,0.254,7.045,0.265,16.355,0.119
1928-07-01,14.31,0.297,20.005,0.297,8.189,0.298,16.796,0.128
1928-08-01,13.687,0.327,19.522,0.305,7.797999999999999,0.319,16.7,0.133
1928-09-01,12.03,0.235,17.980999999999998,0.223,6.02,0.237,16.066,0.12
1928-10-01,9.486,0.193,15.387,0.19,3.549,0.214,15.232,0.112
1928-11-01,6.336,0.231,11.933,0.177,0.629,0.241,14.276,0.122
1928-12-01,3.873,0.222,9.186,0.26,-1.751,0.257,13.568,0.122
1929-01-01,2.0540000000000003,0.289,7.479999999999999,0.298,-3.66,0.272,13.137,0.134
1929-02-01,2.172,0.229,7.837999999999999,0.219,-3.883,0.274,13.241,0.12
1929-03-01,5.099,0.191,10.982,0.229,-1.131,0.289,14.079,0.121
1929-04-01,8.094,0.265,14.08,0.292,1.842,0.281,14.987,0.126
1929-05-01,10.915,0.294,16.906000000000002,0.258,4.784000000000002,0.334,15.716,0.128
1929-06-01,12.928,0.232,18.65,0.26,6.908,0.291,16.328000000000007,0.117
1929-07-01,13.957,0.314,19.652,0.314,8.012,0.318,16.59,0.134
1929-08-01,13.68,0.33,19.548,0.301,7.696999999999999,0.328,16.671,0.138
1929-09-01,11.807,0.255,17.598000000000006,0.199,5.926,0.238,16.092,0.126
1929-10-01,9.46,0.195,15.217,0.182,3.686,0.226,15.248,0.113
1929-11-01,6.172000000000001,0.207,11.757,0.175,0.377,0.213,14.313,0.118
1929-12-01,2.571,0.22,7.769,0.222,-2.9450000000000003,0.242,13.207,0.121
1930-01-01,2.401,0.226,7.669999999999999,0.216,-3.169,0.343,13.26,0.13
1930-02-01,3.152,0.236,8.9,0.252,-2.8520000000000003,0.252,13.54,0.126
1930-03-01,5.483,0.191,11.539,0.273,-0.5710000000000001,0.209,14.326,0.127
1930-04-01,8.181999999999999,0.242,14.017,0.254,2.072,0.271,15.081,0.124
1930-05-01,11.105,0.292,16.87,0.272,5.016,0.314,15.911,0.131
1930-06-01,13.347,0.231,19.071,0.264,7.295,0.309,16.473000000000006,0.122
1930-07-01,14.465,0.301,20.252,0.267,8.415,0.287,16.854,0.1369999999999999
1930-08-01,13.928,0.327,19.803,0.291,7.995999999999999,0.304,16.791,0.146
1930-09-01,11.874,0.247,17.754,0.204,5.935,0.237,16.25,0.131
1930-10-01,9.261,0.187,14.941,0.205,3.587,0.25,15.355,0.121
1930-11-01,6.574,0.202,12.032,0.186,0.8919999999999999,0.213,14.505,0.128
1930-12-01,3.831,0.194,9.066,0.239,-1.736,0.243,13.724,0.124
1931-01-01,2.761,0.225,8.059,0.339,-2.897,0.252,13.529000000000002,0.13
1931-02-01,2.708,0.224,8.218,0.233,-3.123,0.245,13.621,0.125
1931-03-01,5.22,0.186,11.194,0.148,-1.006,0.244,14.347,0.126
1931-04-01,8.163,0.234,14.079,0.228,2.025,0.29,15.116,0.126
1931-05-01,11.02,0.281,16.805,0.266,4.9510000000000005,0.327,15.872,0.129
1931-06-01,13.573,0.24,19.419,0.222,7.489000000000001,0.256,16.630000000000006,0.126
1931-07-01,14.576,0.302,20.399,0.275,8.665,0.328,16.967,0.138
1931-08-01,14.12,0.33,19.961,0.289,8.189,0.331,16.887,0.145
1931-09-01,12.283,0.25,18.078000000000007,0.203,6.485,0.241,16.294,0.129
1931-10-01,9.937,0.197,15.718,0.1669999999999999,4.073,0.245,15.448,0.125
1931-11-01,6.242999999999999,0.198,11.63,0.189,0.5449999999999999,0.267,14.317,0.125
1931-12-01,4.027,0.186,9.477,0.183,-1.5730000000000002,0.26,13.711,0.125
1932-01-01,3.604,0.223,9.159,0.254,-2.0540000000000003,0.284,13.687,0.131
1932-02-01,2.989,0.221,8.797,0.216,-3.2300000000000004,0.206,13.658,0.124
1932-03-01,4.94,0.204,10.934,0.1689999999999999,-1.164,0.237,14.252,0.129
1932-04-01,8.769,0.263,14.644,0.223,2.599,0.271,15.335,0.129
1932-05-01,11.239,0.3,16.865000000000002,0.253,5.2250000000000005,0.338,16.018,0.132
1932-06-01,13.383,0.257,19.114,0.219,7.257999999999999,0.251,16.504,0.126
1932-07-01,14.372,0.306,20.093,0.286,8.416,0.339,16.846,0.138
1932-08-01,13.74,0.331,19.5,0.277,7.916999999999999,0.331,16.68,0.143
1932-09-01,12.31,0.268,18.216,0.213,6.34,0.226,16.262999999999998,0.133
1932-10-01,9.682,0.232,15.424,0.16,3.9,0.243,15.28,0.123
1932-11-01,5.908,0.186,11.550999999999998,0.204,0.014,0.278,14.175,0.122
1932-12-01,3.527,0.196,8.888,0.215,-2.071,0.271,13.558,0.123
1933-01-01,2.169,0.226,7.379,0.207,-3.4530000000000003,0.277,13.26,0.129
1933-02-01,2.657,0.21,8.350999999999999,0.305,-3.318,0.299,13.505999999999998,0.12
1933-03-01,4.869,0.185,10.774,0.192,-1.27,0.307,14.130999999999998,0.12
1933-04-01,8.125,0.272,14.046,0.263,2.003,0.286,15.043,0.13
1933-05-01,11.047,0.288,16.845000000000002,0.267,4.988,0.297,15.823,0.134
1933-06-01,13.11,0.241,19.036,0.25,7.001,0.313,16.337,0.126
1933-07-01,14.236,0.3,20.037,0.282,8.295,0.291,16.704,0.136
1933-08-01,13.76,0.321,19.635,0.296,7.858,0.321,16.701,0.138
1933-09-01,11.854,0.244,17.631,0.202,6.055,0.259,16.024,0.129
1933-10-01,9.238,0.232,15.172,0.17,3.374,0.247,15.143,0.125
1933-11-01,5.89,0.201,11.578,0.227,0.0929999999999999,0.248,14.130999999999998,0.118
1933-12-01,3.104,0.192,8.456,0.23,-2.533,0.23,13.352,0.12
1934-01-01,2.476,0.231,7.994999999999999,0.219,-3.131,0.272,13.276,0.124
1934-02-01,3.699,0.251,9.504,0.237,-2.1910000000000003,0.356,13.701,0.125
1934-03-01,4.8180000000000005,0.201,10.835,0.193,-1.382,0.223,14.072,0.122
1934-04-01,8.016,0.259,13.996,0.24,1.853,0.294,15.02,0.128
1934-05-01,11.478,0.276,17.533,0.273,5.260000000000002,0.307,15.951,0.127
1934-06-01,13.402,0.24,19.183,0.25,7.4220000000000015,0.274,16.578000000000007,0.121
1934-07-01,14.343,0.296,20.14,0.288,8.472000000000001,0.317,16.851,0.134
1934-08-01,13.778,0.322,19.534,0.289,8.01,0.337,16.740000000000002,0.141
1934-09-01,11.727,0.238,17.505000000000006,0.221,5.899,0.261,16.128,0.122
1934-10-01,9.421,0.192,15.371,0.181,3.629,0.213,15.332,0.118
1934-11-01,6.397,0.182,11.736,0.179,0.978,0.235,14.412,0.113
1934-12-01,3.985,0.193,9.279,0.239,-1.62,0.221,13.673,0.118
1935-01-01,2.1750000000000003,0.204,7.736999999999999,0.22,-3.618,0.25,13.299,0.121
1935-02-01,4.125,0.217,9.944,0.213,-1.717,0.245,13.857,0.119
1935-03-01,5.399,0.187,11.343,0.203,-0.802,0.197,14.269,0.115
1935-04-01,7.770999999999999,0.256,13.81,0.249,1.551,0.271,15.013,0.126
1935-05-01,10.906,0.277,16.880000000000006,0.258,4.755000000000001,0.31,15.848,0.128
1935-06-01,13.326,0.23,19.1,0.227,7.1930000000000005,0.247,16.504,0.122
1935-07-01,14.331,0.292,20.173,0.307,8.437999999999999,0.302,16.848,0.131
1935-08-01,13.775,0.332,19.657,0.303,7.830999999999999,0.327,16.715,0.139
1935-09-01,11.999,0.239,17.896,0.207,6.042000000000001,0.25,16.143,0.12
1935-10-01,9.516,0.198,15.379,0.174,3.7,0.235,15.311,0.114
1935-11-01,5.443,0.191,10.849,0.201,-0.23,0.246,14.069,0.115
1935-12-01,3.423,0.208,8.675,0.235,-2.09,0.282,13.55,0.118
1936-01-01,2.249,0.221,7.805999999999999,0.203,-3.53,0.237,13.26,0.115
1936-02-01,2.506,0.236,8.253,0.291,-3.458,0.251,13.533,0.118
1936-03-01,5.031000000000001,0.194,11.032,0.197,-1.154,0.218,14.206,0.116
1936-04-01,8.126999999999999,0.258,14.082,0.25,1.976,0.246,15.089,0.122
1936-05-01,11.251,0.279,17.076,0.28,5.23,0.305,15.935,0.125
1936-06-01,13.363,0.243,19.171,0.238,7.287999999999999,0.281,16.524,0.116
1936-07-01,14.629,0.299,20.443,0.281,8.704,0.293,16.928,0.13
1936-08-01,13.86,0.325,19.691,0.287,7.9289999999999985,0.317,16.811,0.134
1936-09-01,12.021,0.246,17.91,0.213,6.064,0.224,16.191,0.121
1936-10-01,9.457,0.22,15.316,0.21,3.658,0.233,15.412,0.116
1936-11-01,6.2330000000000005,0.188,11.814,0.203,0.407,0.215,14.338,0.113
1936-12-01,3.921,0.208,9.181,0.216,-1.4409999999999998,0.251,13.767,0.118
1937-01-01,2.4530000000000003,0.196,7.879,0.237,-3.216,0.259,13.417,0.116
1937-02-01,3.553,0.22,9.237,0.261,-2.387,0.216,13.904000000000002,0.116
1937-03-01,4.851,0.219,10.731,0.199,-1.413,0.237,14.276,0.119
1937-04-01,8.139999999999999,0.242,14.025,0.253,2.001,0.28,15.228,0.117
1937-05-01,11.422,0.288,17.358,0.267,5.1690000000000005,0.296,16.051,0.125
1937-06-01,13.603,0.236,19.558,0.229,7.4540000000000015,0.248,16.679000000000002,0.116
1937-07-01,14.375,0.298,20.154,0.271,8.41,0.283,17.054000000000002,0.128
1937-08-01,14.007,0.325,19.85,0.322,8.145,0.293,16.941,0.135
1937-09-01,12.412999999999998,0.247,18.377,0.24,6.419,0.22,16.402,0.124
1937-10-01,9.729,0.2,15.635,0.212,4.002,0.241,15.523,0.113
1937-11-01,6.356,0.199,11.913,0.219,0.612,0.221,14.447,0.113
1937-12-01,3.478,0.211,8.999,0.237,-2.196,0.284,13.684,0.118
1938-01-01,2.91,0.194,8.415999999999999,0.217,-2.5970000000000004,0.272,13.595999999999998,0.111
1938-02-01,3.417,0.225,9.138,0.258,-2.518,0.246,13.827,0.112
1938-03-01,5.651,0.192,11.616,0.173,-0.4310000000000001,0.208,14.491,0.111
1938-04-01,8.913,0.249,14.984000000000002,0.239,2.968,0.247,15.363,0.119
1938-05-01,11.456,0.297,17.429000000000002,0.283,5.4270000000000005,0.312,16.000999999999998,0.129
1938-06-01,13.321,0.238,18.989,0.219,7.417999999999999,0.258,16.607000000000006,0.117
1938-07-01,14.482,0.295,20.249,0.291,8.612,0.312,16.871,0.127
1938-08-01,13.963,0.325,19.85,0.306,8.097000000000001,0.33,16.904,0.132
1938-09-01,12.427,0.249,18.311,0.208,6.468,0.244,16.367,0.122
1938-10-01,9.784,0.194,15.734000000000002,0.165,3.984,0.247,15.526,0.113
1938-11-01,6.53,0.215,12.161,0.204,0.969,0.26,14.408,0.114
1938-12-01,3.51,0.213,8.922,0.248,-2.0010000000000003,0.289,13.556,0.116
1939-01-01,2.932,0.198,8.53,0.266,-2.7710000000000004,0.236,13.537999999999998,0.114
1939-02-01,3.232,0.201,9.048,0.225,-2.535,0.224,13.757,0.112
1939-03-01,4.926,0.196,10.836,0.187,-1.1,0.216,14.273,0.113
1939-04-01,8.328,0.252,14.44,0.234,2.271,0.252,15.296,0.119
1939-05-01,11.524,0.298,17.489,0.277,5.362,0.291,16.174,0.128
1939-06-01,13.531,0.256,19.47,0.238,7.510000000000002,0.266,16.712,0.119
1939-07-01,14.395,0.291,20.26,0.296,8.616999999999999,0.339,16.988,0.127
1939-08-01,13.932,0.324,19.807,0.304,8.011000000000001,0.3229999999999999,16.892,0.139
1939-09-01,11.957999999999998,0.247,17.922,0.203,5.907,0.261,16.3,0.126
1939-10-01,9.218,0.185,14.963,0.179,3.479,0.212,15.232,0.122
1939-11-01,6.189,0.194,11.742,0.209,0.5549999999999999,0.243,14.379,0.116
1939-12-01,4.959,0.206,10.629,0.254,-0.7380000000000001,0.263,14.087,0.112
1940-01-01,2.335,0.2,7.941999999999998,0.219,-3.35,0.256,13.576,0.12
1940-02-01,3.423,0.204,9.25,0.242,-2.488,0.243,13.932,0.116
1940-03-01,5.424,0.18,11.402,0.174,-0.622,0.198,14.48,0.115
1940-04-01,8.756,0.247,14.793,0.252,2.722,0.258,15.452,0.125
1940-05-01,11.338,0.296,17.273,0.269,5.202000000000001,0.328,16.08,0.132
1940-06-01,13.583,0.231,19.501,0.212,7.532,0.247,16.725,0.119
1940-07-01,14.571,0.295,20.408,0.27,8.51,0.302,17.123,0.132
1940-08-01,13.811,0.3229999999999999,19.662,0.29,7.9369999999999985,0.313,16.945999999999998,0.134
1940-09-01,12.268,0.234,18.186,0.212,6.377000000000001,0.23,16.43,0.126
1940-10-01,9.457,0.187,15.273,0.222,3.762,0.235,15.384,0.118
1940-11-01,6.0760000000000005,0.186,11.667,0.231,0.52,0.222,14.377,0.12
1940-12-01,4.134,0.19,9.592,0.226,-1.418,0.218,13.96,0.117
1941-01-01,2.7350000000000003,0.199,8.347999999999999,0.207,-3.01,0.214,13.622,0.111
1941-02-01,3.67,0.202,9.439,0.247,-2.234,0.226,13.946000000000002,0.109
1941-03-01,5.212999999999999,0.186,11.152,0.201,-0.901,0.209,14.425,0.104
1941-04-01,8.575,0.24,14.429,0.24,2.616,0.257,15.407,0.114
1941-05-01,11.493,0.282,17.259,0.261,5.582000000000002,0.298,16.152,0.122
1941-06-01,13.63,0.232,19.447,0.218,7.6960000000000015,0.255,16.753,0.112
1941-07-01,14.694,0.291,20.578000000000003,0.262,8.738999999999999,0.291,17.131,0.122
1941-08-01,14.028,0.322,19.853,0.294,8.133999999999999,0.33,16.915,0.126
1941-09-01,11.816,0.232,17.813000000000006,0.214,5.973,0.315,16.19,0.112
1941-10-01,9.71,0.175,15.504,0.18,3.988,0.252,15.629,0.107
1941-11-01,5.952999999999999,0.181,11.536,0.207,0.265,0.235,14.475,0.11
1941-12-01,3.707,0.192,9.076,0.23,-1.87,0.285,13.970999999999998,0.142
1942-01-01,3.103,0.221,8.715,0.212,-2.609,0.282,13.821,0.13
1942-02-01,2.857,0.204,8.544,0.249,-2.883,0.27,13.773,0.123
1942-03-01,5.308,0.186,11.264,0.188,-0.7709999999999999,0.22,14.538,0.124
1942-04-01,8.415999999999999,0.238,14.453,0.243,2.401,0.312,15.307,0.131
1942-05-01,11.338,0.281,17.195999999999998,0.277,5.3980000000000015,0.321,16.147000000000002,0.142
1942-06-01,13.578,0.22,19.417,0.229,7.721,0.296,16.729000000000006,0.127
1942-07-01,14.242,0.293,20.107,0.273,8.516,0.315,16.902,0.141
1942-08-01,13.786,0.318,19.603,0.309,8.042,0.317,16.766000000000002,0.147
1942-09-01,12.146,0.233,18.143,0.231,6.151,0.247,16.265,0.142
1942-10-01,9.627,0.186,15.452,0.199,3.864,0.229,15.358,0.134
1942-11-01,6.3950000000000005,0.184,12.149,0.198,0.6849999999999999,0.295,14.425999999999998,0.126
1942-12-01,3.945,0.19,9.368,0.256,-1.4740000000000002,0.235,13.872,0.13
1943-01-01,2.396,0.195,8.017000000000001,0.218,-3.2830000000000004,0.216,13.522,0.136
1943-02-01,3.513,0.199,9.468,0.226,-2.37,0.232,13.939,0.126
1943-03-01,5.138,0.184,11.123,0.195,-0.812,0.193,14.371,0.127
1943-04-01,8.638,0.243,14.654000000000002,0.218,2.719,0.253,15.335,0.1369999999999999
1943-05-01,11.485,0.277,17.401,0.253,5.5230000000000015,0.315,16.123,0.143
1943-06-01,13.161,0.23,19.036,0.226,7.314,0.216,16.596,0.132
1943-07-01,14.46,0.3,20.394,0.266,8.503,0.32,16.95,0.143
1943-08-01,13.774,0.313,19.68,0.282,7.985999999999999,0.305,16.912,0.145
1943-09-01,12.095999999999998,0.227,18.029000000000003,0.22,6.325,0.213,16.285,0.129
1943-10-01,9.907,0.176,15.859000000000002,0.19,4.0680000000000005,0.205,15.62,0.129
1943-11-01,6.26,0.188,11.87,0.222,0.5920000000000001,0.229,14.53,0.128
1943-12-01,4.2330000000000005,0.187,9.705,0.195,-1.3259999999999998,0.245,13.957,0.129
1944-01-01,3.504,0.185,9.037,0.209,-1.9290000000000005,0.225,13.819,0.117
1944-02-01,3.591,0.222,9.407,0.206,-2.123,0.261,14.023,0.121
1944-03-01,5.531000000000001,0.205,11.517,0.174,-0.4,0.232,14.632,0.122
1944-04-01,8.434,0.243,14.577,0.22,2.337,0.252,15.432,0.129
1944-05-01,11.334,0.275,17.483,0.257,5.327999999999999,0.297,16.212,0.135
1944-06-01,13.478,0.222,19.508,0.249,7.491,0.228,16.772000000000002,0.125
1944-07-01,14.468,0.284,20.493,0.276,8.652000000000001,0.282,17.119,0.1369999999999999
1944-08-01,14.017,0.308,20.108,0.282,8.075999999999999,0.3,17.117,0.142
1944-09-01,12.45,0.229,18.453000000000007,0.197,6.614,0.212,16.472,0.13
1944-10-01,9.808,0.17,15.732,0.17,4.032,0.208,15.623,0.123
1944-11-01,6.091,0.178,11.515,0.217,0.607,0.237,14.401,0.125
1944-12-01,3.434,0.181,8.895999999999997,0.268,-1.969,0.216,13.767,0.127
1945-01-01,2.525,0.186,8.126999999999999,0.184,-2.907,0.229,13.586,0.122
1945-02-01,2.6460000000000004,0.194,8.373,0.192,-3.044,0.25,13.747,0.125
1945-03-01,5.184,0.171,11.182,0.147,-0.898,0.244,14.462,0.124
1945-04-01,8.681000000000001,0.236,14.727,0.239,2.6010000000000004,0.278,15.431,0.131
1945-05-01,11.097,0.269,17.214000000000002,0.297,5.008,0.306,16.064,0.142
1945-06-01,13.328,0.231,19.407,0.225,7.366,0.22,16.660999999999998,0.131
1945-07-01,14.213,0.287,20.142,0.271,8.352,0.273,16.910999999999998,0.145
1945-08-01,14.313,0.317,20.189,0.284,8.412999999999998,0.313,17.105999999999998,0.149
1945-09-01,12.225,0.227,18.078000000000007,0.205,6.414,0.296,16.358,0.133
1945-10-01,9.575,0.171,15.458,0.165,3.83,0.271,15.574000000000002,0.119
1945-11-01,6.073,0.172,11.697,0.179,0.47,0.224,14.453,0.121
1945-12-01,3.158,0.183,8.671,0.19,-2.337,0.224,13.616,0.122
1946-01-01,2.979,0.188,8.484,0.188,-2.547,0.257,13.638,0.129
1946-02-01,3.4610000000000003,0.206,9.259,0.177,-2.389,0.232,13.816,0.128
1946-03-01,5.236000000000001,0.171,11.244000000000002,0.166,-0.8390000000000001,0.216,14.514,0.125
1946-04-01,8.837,0.223,14.909,0.228,2.7110000000000003,0.247,15.441,0.127
1946-05-01,11.355,0.273,17.275000000000002,0.246,5.323,0.309,15.994000000000002,0.143
1946-06-01,13.298,0.237,19.086,0.215,7.197,0.23,16.512999999999998,0.1369999999999999
1946-07-01,14.409,0.289,20.265,0.274,8.427,0.281,16.944000000000003,0.139
1946-08-01,13.834,0.319,19.783,0.286,7.997999999999998,0.301,16.717000000000002,0.143
1946-09-01,12.064,0.233,17.921000000000006,0.202,6.263999999999999,0.235,16.252,0.143
1946-10-01,9.281,0.17,15.175,0.17,3.577,0.258,15.437,0.13
1946-11-01,6.235,0.179,11.863,0.193,0.5549999999999999,0.236,14.359000000000002,0.12
1946-12-01,3.134,0.181,8.514,0.233,-2.31,0.253,13.528,0.125
1947-01-01,2.597,0.184,8.109,0.194,-2.992,0.238,13.532,0.125
1947-02-01,3.277,0.191,9.045,0.192,-2.668,0.258,13.832,0.116
1947-03-01,5.801,0.183,11.8,0.194,-0.367,0.238,14.54,0.124
1947-04-01,8.686,0.227,14.734000000000002,0.236,2.738,0.25,15.373,0.128
1947-05-01,11.329,0.266,17.266000000000002,0.264,5.263000000000001,0.298,16.089000000000002,0.135
1947-06-01,13.459,0.216,19.361,0.206,7.452000000000001,0.209,16.701,0.126
1947-07-01,14.349,0.284,20.126,0.267,8.35,0.288,16.973,0.138
1947-08-01,13.827,0.305,19.541,0.278,8.001999999999999,0.295,16.804000000000002,0.136
1947-09-01,12.166,0.221,17.959000000000003,0.187,6.355,0.216,16.261,0.131
1947-10-01,10.011,0.1639999999999999,15.797,0.1639999999999999,4.313,0.201,15.49,0.13
1947-11-01,6.407,0.187,11.925999999999998,0.21,0.913,0.249,14.435,0.128
1947-12-01,3.656,0.177,9.086,0.22,-1.784,0.237,13.692,0.128
1948-01-01,3.366,0.18,9.136,0.186,-2.3520000000000003,0.193,13.666,0.119
1948-02-01,3.22,0.198,9.034,0.212,-2.613,0.231,13.692,0.123
1948-03-01,4.9190000000000005,0.161,10.852,0.222,-1.039,0.196,14.284,0.125
1948-04-01,8.498999999999999,0.215,14.384,0.239,2.617,0.261,15.265999999999998,0.127
1948-05-01,11.537,0.257,17.592000000000002,0.266,5.5150000000000015,0.289,16.173,0.135
1948-06-01,13.664,0.214,19.614,0.217,7.585,0.212,16.742,0.129
1948-07-01,14.445,0.276,20.334,0.28,8.625,0.281,16.938,0.141
1948-08-01,13.896,0.298,19.87,0.298,7.964999999999999,0.295,16.902,0.136
1948-09-01,12.155,0.22,18.217,0.216,6.209,0.226,16.243,0.127
1948-10-01,9.584,0.1669999999999999,15.52,0.17,3.812,0.207,15.389,0.123
1948-11-01,6.1850000000000005,0.162,11.853,0.251,0.691,0.249,14.299,0.131
1948-12-01,3.491,0.1669999999999999,8.981,0.242,-2.03,0.211,13.54,0.126
1949-01-01,3.2190000000000003,0.17,8.837,0.175,-2.4280000000000004,0.213,13.704,0.101
1949-02-01,2.759,0.185,8.517999999999999,0.191,-3.003,0.262,13.686,0.101
1949-03-01,5.077,0.177,10.981,0.153,-0.773,0.215,14.322,0.102
1949-04-01,8.344,0.226,14.41,0.222,2.364,0.266,15.312,0.109
1949-05-01,11.309,0.255,17.195999999999998,0.261,5.444000000000001,0.282,16.063,0.117
1949-06-01,13.223,0.209,19.064,0.256,7.388999999999999,0.224,16.467000000000002,0.107
1949-07-01,14.199000000000002,0.27,20.128,0.286,8.297,0.284,16.807000000000002,0.12
1949-08-01,13.826,0.295,19.77,0.296,8.004,0.29,16.796,0.123
1949-09-01,11.957,0.212,17.969,0.205,6.0520000000000005,0.21,16.177,0.107
1949-10-01,9.531,0.158,15.439,0.187,3.719,0.199,15.375,0.101
1949-11-01,6.148,0.1639999999999999,11.821,0.207,0.453,0.224,14.331,0.099
1949-12-01,3.449,0.178,8.843,0.209,-1.892,0.237,13.633,0.102
1950-01-01,2.008,0.173,7.611000000000001,0.207,-3.622,0.236,13.311,0.095
1950-02-01,2.721,0.182,8.475,0.209,-3.013,0.217,13.554,0.101
1950-03-01,5.247000000000001,0.15,11.173,0.158,-0.6930000000000001,0.2,14.296,0.097
1950-04-01,8.123,0.192,14.157,0.216,2.043,0.28,15.093,0.102
1950-05-01,11.297,0.217,17.252000000000002,0.259,5.421,0.286,16.033,0.106
1950-06-01,13.382,0.196,19.29,0.232,7.501,0.224,16.66,0.105
1950-07-01,14.14,0.239,19.882,0.275,8.417,0.291,16.980999999999998,0.115
1950-08-01,13.46,0.228,19.39,0.267,7.728999999999999,0.26,16.730999999999998,0.108
1950-09-01,11.952,0.204,17.737000000000005,0.209,6.205,0.215,16.124000000000002,0.106
1950-10-01,9.153,0.1639999999999999,14.918,0.159,3.452,0.193,15.245,0.103
1950-11-01,5.372000000000001,0.139,11.077,0.186,-0.4259999999999999,0.19,14.06,0.093
1950-12-01,3.528,0.152,9.123,0.205,-2.071,0.201,13.586,0.097
1951-01-01,2.138,0.132,7.77,0.179,-3.5210000000000004,0.179,13.341,0.09
1951-02-01,2.332,0.149,8.163,0.229,-3.661,0.155,13.488,0.093
1951-03-01,5.091,0.141,11.074000000000002,0.159,-1.0870000000000002,0.173,14.278,0.092
1951-04-01,8.366999999999999,0.175,14.538,0.184,2.191,0.208,15.198,0.095
1951-05-01,11.438,0.23,17.371000000000002,0.24,5.376,0.262,16.158,0.112
1951-06-01,13.25,0.238,19.16,0.214,7.312,0.192,16.768,0.106
1951-07-01,14.324000000000002,0.24,20.225,0.232,8.416,0.252,17.046,0.11
1951-08-01,14.021,0.251,19.81,0.28,8.033,0.3,17.081,0.11
1951-09-01,12.324000000000002,0.216,18.362,0.197,6.4270000000000005,0.219,16.43,0.101
1951-10-01,9.67,0.123,15.149,0.125,4.047,0.161,15.529000000000002,0.094
1951-11-01,6.2250000000000005,0.161,11.752,0.186,0.457,0.17,14.422,0.093
1951-12-01,4.327999999999999,0.154,9.788,0.201,-1.162,0.21,13.995,0.091
1952-01-01,3.049,0.144,8.655999999999999,0.174,-2.579,0.193,13.762,0.089
1952-02-01,3.3960000000000004,0.18,9.113,0.196,-2.4250000000000003,0.199,14.009,0.093
1952-03-01,4.9670000000000005,0.168,10.96,0.178,-1.193,0.194,14.373,0.093
1952-04-01,8.461,0.225,14.565,0.225,2.445,0.232,15.363,0.103
1952-05-01,11.352,0.264,17.289,0.254,5.394,0.274,16.129,0.115
1952-06-01,13.442,0.218,19.426,0.242,7.626,0.219,16.750999999999998,0.104
1952-07-01,14.549,0.276,20.416,0.259,8.754,0.282,17.067999999999998,0.118
1952-08-01,13.964,0.302,19.753,0.28,8.161,0.296,16.952,0.118
1952-09-01,12.238,0.22,18.109,0.202,6.379,0.213,16.395,0.104
1952-10-01,9.157,0.166,15.032,0.165,3.294,0.19,15.434,0.096
1952-11-01,5.425,0.168,11.017,0.182,-0.164,0.184,14.334,0.093
1952-12-01,3.659,0.174,9.215,0.19,-1.85,0.193,13.787,0.094
1953-01-01,2.964,0.166,8.540999999999999,0.186,-2.629,0.201,13.642,0.092
1953-02-01,3.629,0.187,9.51,0.19,-2.1820000000000004,0.189,14.02,0.094
1953-03-01,5.712000000000001,0.161,11.677,0.1639999999999999,-0.22,0.183,14.561,0.093
1953-04-01,8.892000000000001,0.228,14.813,0.212,2.9130000000000003,0.254,15.518,0.103
1953-05-01,11.514,0.264,17.358,0.252,5.53,0.287,16.266,0.114
1953-06-01,13.612,0.216,19.461,0.204,7.749,0.202,16.89,0.105
1953-07-01,14.392,0.284,20.254,0.261,8.565,0.274,17.088,0.118
1953-08-01,14.059,0.305,19.803,0.274,8.25,0.28,16.985,0.119
1953-09-01,12.199000000000002,0.223,18.145000000000003,0.188,6.287999999999999,0.215,16.418,0.105
1953-10-01,9.59,0.161,15.367,0.151,3.908,0.197,15.470999999999998,0.094
1953-11-01,5.924,0.168,11.376,0.1639999999999999,0.419,0.21,14.332,0.095
1953-12-01,3.998,0.182,9.366,0.183,-1.2990000000000002,0.214,13.862,0.095
1954-01-01,2.059,0.148,7.672999999999999,0.179,-3.5810000000000004,0.201,13.38,0.089
1954-02-01,3.084,0.182,8.863,0.195,-2.6740000000000004,0.196,13.783,0.093
1954-03-01,5.148,0.18,11.148,0.1369999999999999,-0.865,0.201,14.385,0.094
1954-04-01,8.158,0.218,13.973,0.222,2.424,0.195,15.226,0.102
1954-05-01,10.988,0.217,16.784000000000002,0.209,5.1960000000000015,0.219,15.970999999999998,0.102
1954-06-01,13.4,0.187,19.213,0.226,7.62,0.177,16.609,0.096
1954-07-01,14.241,0.228,20.015,0.223,8.543,0.221,16.851,0.104
1954-08-01,13.868,0.248,19.588,0.214,8.184,0.23,16.816,0.103
1954-09-01,12.098,0.204,17.852,0.226,6.367999999999999,0.176,16.223,0.099
1954-10-01,9.546,0.144,15.26,0.14,3.902,0.153,15.423,0.088
1954-11-01,6.579,0.143,12.155,0.14,1.046,0.156,14.48,0.086
1954-12-01,3.559,0.147,8.915,0.185,-1.773,0.176,13.62,0.088
1955-01-01,3.412,0.152,8.914,0.135,-2.028,0.146,13.717,0.086
1955-02-01,3.137,0.141,8.966000000000001,0.153,-2.71,0.176,13.718,0.087
1955-03-01,4.585,0.121,10.377,0.139,-1.4269999999999998,0.144,14.179,0.083
1955-04-01,8.136000000000001,0.16,13.914,0.2,2.2230000000000003,0.179,15.119000000000002,0.091
1955-05-01,11.191999999999998,0.209,17.110000000000007,0.226,5.504,0.218,15.882,0.1
1955-06-01,13.56,0.148,19.218,0.184,7.735,0.165,16.555,0.087
1955-07-01,14.242,0.177,19.959,0.213,8.579,0.224,16.809,0.093
1955-08-01,14.283,0.216,19.857,0.25,8.302999999999999,0.242,16.899,0.098
1955-09-01,11.954,0.162,17.859,0.15,6.405,0.179,16.148,0.089
1955-10-01,9.735,0.107,15.446,0.1369999999999999,3.923,0.187,15.333,0.0819999999999999
1955-11-01,5.973,0.135,11.527,0.184,0.0839999999999999,0.208,14.211,0.081
1955-12-01,3.306,0.115,8.802,0.184,-2.254,0.186,13.522,0.08
1956-01-01,2.466,0.099,7.909,0.171,-3.055,0.179,13.444,0.075
1956-02-01,2.781,0.168,8.555,0.181,-3.131,0.212,13.626,0.086
1956-03-01,4.888999999999999,0.109,10.836,0.108,-1.028,0.155,14.231,0.074
1956-04-01,7.922000000000001,0.144,13.848,0.165,2.043,0.219,15.029000000000002,0.0819999999999999
1956-05-01,10.720999999999998,0.195,16.734,0.202,5.083,0.236,15.823,0.094
1956-06-01,13.16,0.089,18.939,0.204,7.309,0.194,16.472,0.078
1956-07-01,14.18,0.093,19.952,0.115,8.603,0.127,16.830000000000002,0.0819999999999999
1956-08-01,13.189,0.0819999999999999,18.967,0.116,7.512999999999999,0.226,16.605,0.075
1956-09-01,11.783,0.135,17.500999999999998,0.171,5.872000000000001,0.217,16.088,0.081
1956-10-01,8.927999999999997,0.093,14.667,0.153,3.173,0.182,15.159,0.075
1956-11-01,5.738,0.134,11.414,0.196,0.134,0.266,14.261,0.078
1956-12-01,3.5980000000000003,0.109,8.962,0.16,-1.775,0.229,13.704,0.076
1957-01-01,2.488,0.1,8.004999999999999,0.13,-2.97,0.106,13.473,0.073
1957-02-01,3.12,0.108,8.708,0.116,-2.51,0.23,13.804,0.074
1957-03-01,5.0360000000000005,0.085,10.986,0.099,-0.916,0.189,14.380999999999998,0.07
1957-04-01,8.366,0.187,14.094,0.09,2.426,0.265,15.324000000000002,0.087
1957-05-01,11.259,0.138,17.054000000000002,0.0819999999999999,5.4300000000000015,0.208,16.215999999999998,0.084
1957-06-01,13.783,0.193,19.473,0.162,7.811,0.152,16.878,0.091
1957-07-01,14.129,0.204,19.828,0.098,8.382,0.072,17.034000000000002,0.095
1957-08-01,14.082,0.252,19.792,0.212,8.263,0.19,17.049,0.101
1957-09-01,12.312,0.301,18.065,0.115,6.407,0.104,16.38,0.112
1957-10-01,9.496,0.1369999999999999,15.049,0.127,3.801,0.151,15.463,0.081
1957-11-01,6.391,0.104,11.849,0.156,0.831,0.132,14.515999999999998,0.073
1957-12-01,4.327999999999999,0.087,9.68,0.058,-0.943,0.07,13.970999999999998,0.072
1958-01-01,3.5740000000000003,0.114,8.977,0.063,-1.7720000000000002,0.202,13.880999999999998,0.075
1958-02-01,3.695,0.173,9.546,0.234,-1.949,0.188,14.071000000000002,0.0819999999999999
1958-03-01,5.452999999999999,0.084,11.321,0.173,-0.5489999999999999,0.202,14.547,0.069
1958-04-01,8.52,0.103,14.392,0.157,2.57,0.083,15.359000000000002,0.073
1958-05-01,11.518999999999998,0.089,17.355,0.185,5.625,0.286,16.18,0.073
1958-06-01,13.187,0.106,19.028,0.177,7.427,0.14,16.619,0.074
1958-07-01,14.438,0.199,20.121,0.212,8.839,0.305,17.039,0.093
1958-08-01,13.597,0.0819999999999999,19.399,0.145,8.048,0.103,16.832,0.07
1958-09-01,11.845,0.072,17.549000000000003,0.15,6.204,0.126,16.284000000000002,0.074
1958-10-01,9.375,0.092,15.094,0.105,3.742,0.197,15.437,0.074
1958-11-01,6.26,0.06,11.718,0.12,0.746,0.121,14.507,0.067
1958-12-01,3.822,0.078,9.23,0.211,-1.5570000000000002,0.118,13.829,0.07
1959-01-01,2.959,0.077,8.389999999999999,0.145,-2.406,0.154,13.636,0.069
1959-02-01,3.33,0.126,9.004,0.136,-2.225,0.129,13.873,0.072
1959-03-01,5.854,0.199,11.728,0.157,-0.071,0.125,14.612,0.088
1959-04-01,8.818999999999997,0.179,14.752,0.27,2.807,0.201,15.439,0.0819999999999999
1959-05-01,11.323,0.062,17.164,0.139,5.5360000000000005,0.172,16.122,0.071
1959-06-01,13.577,0.063,19.379,0.186,7.747999999999999,0.12,16.776,0.07
1959-07-01,14.449000000000002,0.131,20.236,0.098,8.854,0.131,17.002,0.0819999999999999
1959-08-01,13.853,0.084,19.532,0.135,8.321,0.081,16.908,0.068
1959-09-01,11.946,0.118,17.663,0.132,6.343999999999999,0.149,16.278,0.074
1959-10-01,9.16,0.115,14.767,0.076,3.5860000000000003,0.233,15.405,0.076
1959-11-01,5.752000000000001,0.077,11.261,0.1689999999999999,0.302,0.119,14.272,0.068
1959-12-01,3.77,0.055,9.122,0.158,-1.493,0.176,13.763,0.067
1960-01-01,2.713,0.086,8.222000000000001,0.113,-2.623,0.085,13.553,0.067
1960-02-01,3.798,0.125,9.748,0.081,-1.92,0.274,13.956,0.07
1960-03-01,4.303,0.077,10.216,0.092,-1.6769999999999998,0.084,14.145,0.066
1960-04-01,8.133,0.088,13.955,0.1369999999999999,2.229,0.104,15.19,0.066
1960-05-01,10.872,0.156,16.71,0.256,5.0440000000000005,0.235,15.956,0.079
1960-06-01,13.484000000000002,0.08,19.306,0.227,7.729,0.105,16.67,0.071
1960-07-01,14.198,0.072,19.884,0.125,8.491999999999999,0.094,16.985,0.07
1960-08-01,13.825,0.079,19.604,0.177,8.241999999999999,0.165,16.969,0.069
1960-09-01,12.095,0.099,17.855999999999998,0.226,6.497999999999999,0.146,16.382,0.069
1960-10-01,9.497,0.063,15.235,0.089,3.8,0.118,15.456,0.068
1960-11-01,5.827999999999999,0.141,11.433,0.126,0.355,0.149,14.313,0.073
1960-12-01,4.259,0.056,9.64,0.144,-0.978,0.092,13.928,0.064
1961-01-01,2.926,0.089,8.379999999999999,0.176,-2.383,0.129,13.664,0.064
1961-02-01,3.683,0.125,9.299,0.156,-1.895,0.145,14.058,0.067
1961-03-01,5.589,0.049,11.478,0.119,-0.2710000000000001,0.121,14.609000000000002,0.062
1961-04-01,8.631,0.116,14.497,0.162,2.817,0.153,15.444,0.068
1961-05-01,11.624,0.104,17.592000000000002,0.319,5.729,0.227,16.241,0.071
1961-06-01,13.702,0.154,19.598,0.239,7.796,0.286,16.810000000000002,0.079
1961-07-01,14.288,0.079,20.014,0.184,8.664,0.186,16.987000000000002,0.071
1961-08-01,13.849,0.142,19.606,0.179,8.229999999999999,0.259,16.917,0.072
1961-09-01,12.247,0.069,17.987000000000005,0.121,6.525,0.143,16.309,0.063
1961-10-01,9.328,0.138,15.057,0.136,3.508,0.313,15.401,0.071
1961-11-01,6.205,0.06,11.655,0.093,0.74,0.134,14.437,0.059
1961-12-01,3.5,0.039,9.016,0.105,-1.915,0.085,13.682,0.059
1962-01-01,3.003,0.075,8.657,0.094,-2.5090000000000003,0.083,13.655,0.06
1962-02-01,3.696,0.064,9.547,0.099,-2.045,0.216,14.003,0.059
1962-03-01,5.53,0.128,11.537,0.159,-0.416,0.218,14.522,0.069
1962-04-01,8.54,0.178,14.473,0.138,2.576,0.23,15.353,0.076
1962-05-01,11.128,0.062,17.040000000000006,0.152,5.195,0.131,16.041,0.068
1962-06-01,13.427,0.267,19.35,0.272,7.456,0.371,16.679000000000002,0.099
1962-07-01,14.205,0.074,20.054,0.143,8.451,0.077,16.952,0.068
1962-08-01,13.713,0.103,19.553,0.153,7.940999999999999,0.128,16.830000000000002,0.065
1962-09-01,12.018,0.255,17.845000000000006,0.159,6.313,0.313,16.246,0.094
1962-10-01,9.468,0.202,15.226,0.198,3.774,0.3229999999999999,15.429,0.084
1962-11-01,6.283,0.119,11.775,0.142,0.7969999999999999,0.207,14.421,0.067
1962-12-01,3.94,0.068,9.425,0.198,-1.4300000000000002,0.156,13.776,0.061
1963-01-01,2.901,0.08,8.671,0.143,-2.6790000000000003,0.122,13.594,0.063
1963-02-01,4.02,0.108,9.95,0.096,-1.685,0.115,14.014,0.064
1963-03-01,5.097,0.102,11.043,0.101,-0.895,0.226,14.357,0.063
1963-04-01,8.173,0.058,13.914,0.149,2.35,0.1,15.216,0.059
1963-05-01,11.045,0.102,16.819000000000006,0.252,5.234,0.295,16.05,0.069
1963-06-01,13.412,0.097,19.276,0.124,7.604,0.15,16.675,0.068
1963-07-01,14.505999999999998,0.098,20.229,0.104,8.797,0.243,17.089000000000002,0.077
1963-08-01,14.309,0.061,20.009,0.218,8.471,0.25,17.061,0.07
1963-09-01,12.555,0.126,18.306,0.182,6.724,0.347,16.48,0.075
1963-10-01,9.943,0.099,15.716,0.165,4.3260000000000005,0.109,15.587,0.074
1963-11-01,6.561,0.095,12.068,0.205,1.31,0.161,14.58,0.07
1963-12-01,3.75,0.0819999999999999,9.346,0.094,-1.666,0.071,13.817,0.068
1964-01-01,2.881,0.171,8.383999999999999,0.079,-2.5490000000000004,0.161,13.595,0.076
1964-02-01,3.028,0.116,8.791,0.078,-2.613,0.161,13.73,0.064
1964-03-01,4.865,0.076,10.97,0.123,-1.152,0.183,14.255999999999998,0.062
1964-04-01,7.922000000000001,0.077,13.794,0.125,2.152,0.145,15.062,0.063
1964-05-01,10.905,0.084,16.801000000000002,0.221,5.202000000000001,0.139,15.856,0.066
1964-06-01,13.459,0.068,19.275,0.161,7.536,0.24,16.590999999999998,0.064
1964-07-01,14.300999999999998,0.125,20.065,0.196,8.572000000000001,0.15,16.784000000000002,0.073
1964-08-01,13.678,0.178,19.386,0.241,8.049999999999999,0.305,16.634,0.078
1964-09-01,11.604,0.065,17.394000000000002,0.173,6.11,0.142,16.002,0.06
1964-10-01,8.831999999999997,0.063,14.654000000000002,0.191,3.218,0.097,15.171,0.061
1964-11-01,5.9830000000000005,0.041,11.609000000000002,0.14,0.483,0.0819999999999999,14.202,0.056
1964-12-01,3.458,0.046,8.759,0.148,-1.783,0.079,13.522,0.059
1965-01-01,2.862,0.069,8.418,0.107,-2.526,0.133,13.545,0.061
1965-02-01,3.036,0.084,8.907,0.078,-2.822,0.187,13.698,0.061
1965-03-01,5.182,0.125,11.22,0.146,-0.7350000000000001,0.224,14.285,0.068
1965-04-01,7.989999999999998,0.078,13.841,0.14,2.168,0.123,15.095,0.061
1965-05-01,11.222,0.174,17.168000000000006,0.32,5.2620000000000005,0.456,16.007,0.079
1965-06-01,13.308,0.223,19.126,0.518,7.483,0.336,16.532,0.087
1965-07-01,14.078,0.139,19.869,0.242,8.376,0.348,16.762,0.076
1965-08-01,13.807,0.086,19.583,0.097,8.184,0.102,16.803,0.065
1965-09-01,11.73,0.083,17.407,0.168,6.096,0.132,16.154,0.064
1965-10-01,9.488,0.07,15.11,0.105,3.8,0.09,15.406,0.063
1965-11-01,5.86,0.076,11.337,0.184,0.354,0.145,14.287,0.06
1965-12-01,3.766,0.099,9.235,0.109,-1.543,0.066,13.775,0.062
1966-01-01,2.49,0.059,8.049,0.069,-3.0410000000000004,0.098,13.495,0.057
1966-02-01,3.29,0.111,9.004999999999997,0.132,-2.4210000000000003,0.151,13.81,0.062
1966-03-01,5.527,0.125,11.296,0.119,-0.42,0.16,14.445,0.066
1966-04-01,8.161,0.068,13.951,0.104,2.331,0.106,15.254,0.059
1966-05-01,11.2,0.064,17.07,0.213,5.189,0.171,15.987,0.061
1966-06-01,13.587,0.161,19.378,0.251,7.723000000000001,0.175,16.692999999999998,0.076
1966-07-01,14.569,0.112,20.392,0.1,8.823,0.126,17.033,0.07
1966-08-01,13.731,0.101,19.627,0.205,8.087,0.111,16.826,0.068
1966-09-01,12.133,0.107,18.028,0.085,6.482,0.135,16.273,0.069
1966-10-01,9.153,0.073,14.777,0.081,3.555,0.112,15.315,0.061
1966-11-01,5.968999999999999,0.074,11.58,0.084,0.412,0.134,14.362,0.058
1966-12-01,3.382,0.052,8.758,0.084,-1.927,0.13,13.683,0.057
1967-01-01,2.71,0.07,8.395,0.062,-2.869,0.14,13.527,0.055
1967-02-01,2.905,0.126,8.619,0.156,-2.772,0.159,13.688,0.064
1967-03-01,5.396,0.079,11.222,0.107,-0.356,0.075,14.465,0.057
1967-04-01,8.458,0.11,14.376,0.146,2.5,0.228,15.3,0.061
1967-05-01,11.632,0.077,17.505000000000006,0.172,5.784000000000002,0.1669999999999999,16.279,0.061
1967-06-01,13.194,0.071,18.911,0.145,7.445,0.152,16.665000000000006,0.057
1967-07-01,14.331,0.1689999999999999,20.142,0.153,8.706,0.142,16.97,0.078
1967-08-01,13.821,0.107,19.593,0.242,8.171999999999999,0.245,16.84,0.064
1967-09-01,12.053999999999998,0.058,17.852,0.107,6.269,0.166,16.244,0.06
1967-10-01,9.809,0.045,15.479,0.08,4.178,0.086,15.469,0.056
1967-11-01,6.176,0.042,11.505,0.085,0.8079999999999999,0.147,14.353,0.048
1967-12-01,3.915,0.05,9.279,0.056,-1.4200000000000002,0.114,13.73,0.05
1968-01-01,2.353,0.094,7.866999999999999,0.102,-3.0620000000000003,0.075,13.389,0.054
1968-02-01,3.245,0.124,8.879999999999997,0.098,-2.319,0.0819999999999999,13.724,0.059
1968-03-01,6.117000000000001,0.069,11.907,0.126,0.2849999999999999,0.068,14.581,0.052
1968-04-01,8.455,0.143,14.427,0.115,2.596,0.281,15.261,0.064
1968-05-01,11.068,0.111,16.76,0.16,5.176,0.201,15.99,0.062
1968-06-01,13.204,0.187,18.873,0.16,7.318,0.213,16.695999999999998,0.073
1968-07-01,14.026,0.089,19.734,0.1369999999999999,8.431000000000001,0.105,16.887,0.058
1968-08-01,13.524,0.08,19.238,0.079,7.891999999999999,0.14,16.794,0.057
1968-09-01,11.62,0.19,17.348000000000006,0.223,5.942,0.152,16.155,0.076
1968-10-01,9.453,0.138,15.086,0.127,3.787,0.263,15.481,0.066
1968-11-01,5.891,0.062,11.3,0.105,0.357,0.135,14.418,0.051
1968-12-01,3.24,0.053,8.551,0.135,-2.116,0.103,13.791,0.05
1969-01-01,1.966,0.053,7.228999999999999,0.091,-3.298,0.116,13.518,0.048
1969-02-01,2.45,0.092,7.9689999999999985,0.126,-3.1910000000000003,0.151,13.747,0.052
1969-03-01,5.131,0.106,11.018,0.106,-0.8240000000000001,0.213,14.576,0.056
1969-04-01,8.575999999999999,0.125,14.286,0.201,2.69,0.237,15.518,0.062
1969-05-01,11.354,0.077,17.064,0.157,5.565,0.241,16.329,0.053
1969-06-01,13.475,0.119,19.208,0.256,7.568,0.34,16.830000000000002,0.062
1969-07-01,14.218,0.109,20.024,0.226,8.666,0.163,16.924,0.059
1969-08-01,13.804,0.08,19.628,0.16,8.123999999999999,0.224,16.945,0.056
1969-09-01,12.048,0.057,17.67,0.112,6.421,0.141,16.337,0.053
1969-10-01,9.489,0.065,14.888,0.155,4.05,0.269,15.445,0.056
1969-11-01,6.42,0.053,11.974,0.125,0.923,0.141,14.524,0.051
1969-12-01,4.21,0.086,9.587,0.103,-1.139,0.113,13.993,0.054
1970-01-01,2.8360000000000003,0.084,8.288,0.117,-2.584,0.099,13.711,0.052
1970-02-01,3.735,0.0819999999999999,9.543,0.108,-2.02,0.127,14.022,0.053
1970-03-01,5.272,0.114,11.066,0.18,-0.545,0.211,14.503,0.058
1970-04-01,8.603,0.066,14.383,0.179,2.739,0.113,15.44,0.051
1970-05-01,11.206,0.099,17.165000000000006,0.121,5.402,0.107,16.104,0.055
1970-06-01,13.513,0.086,19.368,0.203,7.599,0.189,16.672,0.056
1970-07-01,14.395,0.1,20.254,0.114,8.722999999999999,0.099,16.912,0.058
1970-08-01,13.658,0.062,19.43,0.179,8.097000000000001,0.122,16.748,0.052
1970-09-01,12.277,0.063,17.879,0.089,6.62,0.124,16.335,0.055
1970-10-01,9.348,0.042,14.96,0.089,3.787,0.103,15.42,0.051
1970-11-01,6.047000000000001,0.059,11.562,0.109,0.524,0.0819999999999999,14.418,0.05
1970-12-01,3.5210000000000004,0.05,8.941,0.094,-1.829,0.084,13.707,0.048
1971-01-01,2.967,0.101,8.530999999999999,0.122,-2.531,0.125,13.615,0.054
1971-02-01,2.867,0.17,8.578999999999999,0.145,-2.7230000000000003,0.199,13.627,0.067
1971-03-01,5.001,0.063,10.967,0.154,-0.8960000000000001,0.11,14.254,0.049
1971-04-01,8.338999999999999,0.067,14.267,0.09,2.516,0.251,15.227,0.049
1971-05-01,11.211,0.112,17.186,0.12,5.384,0.159,15.963,0.058
1971-06-01,13.099,0.104,18.992,0.227,7.436,0.126,16.539,0.059
1971-07-01,14.139,0.106,19.984,0.142,8.511000000000001,0.125,16.846,0.061
1971-08-01,13.879,0.076,19.593,0.122,8.085999999999999,0.0819999999999999,16.752,0.056
1971-09-01,12.139,0.129,17.918000000000006,0.317,6.462999999999999,0.303,16.22,0.062
1971-10-01,9.388,0.106,15.146,0.127,3.809,0.16,15.298,0.056
1971-11-01,6.295,0.076,11.842,0.112,0.931,0.131,14.399,0.052
1971-12-01,3.867,0.065,9.228,0.118,-1.439,0.126,13.66,0.051
1972-01-01,1.882,0.086,7.391999999999999,0.143,-3.5490000000000004,0.205,13.298,0.053
1972-02-01,2.609,0.105,8.219,0.113,-3.115,0.199,13.644,0.054
1972-03-01,5.287000000000001,0.05,11.169,0.087,-0.672,0.152,14.446,0.048
1972-04-01,8.337,0.067,14.148,0.123,2.498,0.11,15.291,0.051
1972-05-01,11.155,0.091,16.968,0.125,5.3610000000000015,0.196,16.095,0.058
1972-06-01,13.501,0.113,19.231,0.156,7.627000000000002,0.127,16.729000000000006,0.061
1972-07-01,14.231,0.118,20.037,0.123,8.568,0.104,16.956,0.063
1972-08-01,14.171,0.096,19.88,0.154,8.386000000000001,0.19,16.977999999999998,0.057
1972-09-01,11.901,0.126,17.529000000000003,0.2,6.166,0.217,16.27,0.061
1972-10-01,9.346,0.141,15.057,0.198,3.84,0.232,15.438,0.064
1972-11-01,5.7970000000000015,0.079,11.167,0.094,0.52,0.129,14.419,0.05
1972-12-01,3.778,0.072,9.182,0.181,-1.492,0.084,13.951,0.05
1973-01-01,3.0380000000000003,0.092,8.491999999999999,0.152,-2.3080000000000003,0.104,13.774,0.052
1973-02-01,3.898,0.161,9.496,0.135,-1.6540000000000004,0.087,14.14,0.064
1973-03-01,5.82,0.096,11.605,0.212,0.109,0.142,14.663,0.052
1973-04-01,8.937999999999997,0.103,14.51,0.108,3.107,0.106,15.528,0.055
1973-05-01,11.768999999999998,0.0819999999999999,17.417,0.158,5.926,0.1639999999999999,16.288,0.053
1973-06-01,13.824000000000002,0.085,19.497,0.126,8.155000000000001,0.122,16.795,0.052
1973-07-01,14.435,0.129,20.112,0.093,8.988999999999997,0.11,17.002,0.061
1973-08-01,13.869000000000002,0.151,19.707,0.149,8.427,0.133,16.889,0.062
1973-09-01,12.125,0.081,17.815,0.168,6.504,0.102,16.267,0.054
1973-10-01,9.609,0.064,15.182,0.111,3.913,0.095,15.419,0.053
1973-11-01,6.222,0.083,11.667,0.052,0.7879999999999999,0.202,14.380999999999998,0.05
1973-12-01,3.832,0.0819999999999999,9.292,0.111,-1.514,0.073,13.711,0.051
1974-01-01,2.261,0.096,7.463999999999999,0.109,-2.894,0.096,13.3,0.052
1974-02-01,2.582,0.127,8.118,0.093,-2.926,0.074,13.49,0.057
1974-03-01,5.19,0.114,10.966,0.134,-0.4950000000000001,0.098,14.267,0.054
1974-04-01,8.386000000000001,0.091,14.179,0.078,2.59,0.117,15.182,0.053
1974-05-01,11.198,0.087,16.932000000000002,0.121,5.4700000000000015,0.093,15.957,0.053
1974-06-01,13.382,0.131,19.235,0.099,7.591,0.085,16.616,0.063
1974-07-01,14.288,0.059,19.925,0.128,8.654,0.109,16.846,0.053
1974-08-01,14.015999999999998,0.105,19.652,0.158,8.391,0.13,16.912,0.06
1974-09-01,11.744000000000002,0.135,17.430000000000003,0.18,6.14,0.22,16.197,0.065
1974-10-01,9.098,0.059,14.884,0.079,3.423,0.112,15.274,0.051
1974-11-01,5.915,0.123,11.459,0.138,0.389,0.163,14.32,0.057
1974-12-01,3.55,0.127,8.738999999999999,0.155,-1.5219999999999998,0.126,13.656,0.057
1975-01-01,3.059,0.078,8.484,0.071,-2.257,0.121,13.621,0.051
1975-02-01,3.395,0.107,9.026,0.133,-2.096,0.095,13.857,0.053
1975-03-01,5.706,0.07,11.384,0.103,-0.15,0.098,14.538,0.048
1975-04-01,8.584,0.066,14.399,0.066,2.882,0.088,15.297,0.049
1975-05-01,11.742,0.087,17.484,0.198,5.8420000000000005,0.145,16.136,0.054
1975-06-01,13.557,0.109,19.275,0.161,7.796,0.197,16.682000000000002,0.057
1975-07-01,14.351,0.096,20.051,0.18,8.637,0.141,16.877,0.059
1975-08-01,13.514,0.219,19.248,0.244,7.891999999999999,0.107,16.665,0.079
1975-09-01,12.152,0.127,17.804000000000006,0.115,6.54,0.096,16.215999999999998,0.061
1975-10-01,9.318,0.064,14.908,0.154,3.671,0.215,15.292,0.053
1975-11-01,5.893,0.056,11.462,0.086,0.332,0.127,14.126,0.049
1975-12-01,3.667,0.086,9.079,0.088,-1.636,0.103,13.557,0.051
1976-01-01,2.884,0.068,8.398,0.079,-2.452,0.11,13.442,0.05
1976-02-01,3.031,0.069,8.509,0.104,-2.443,0.094,13.619000000000002,0.05
1976-03-01,4.517,0.06,10.305,0.0819999999999999,-1.2040000000000002,0.0819999999999999,14.124,0.049
1976-04-01,8.293999999999999,0.086,14.177,0.132,2.489,0.106,15.135,0.053
1976-05-01,10.941999999999998,0.163,16.727999999999998,0.149,5.176,0.108,15.778,0.067
1976-06-01,13.086,0.103,18.954,0.173,7.3450000000000015,0.13,16.448,0.06
1976-07-01,14.155,0.18,19.852,0.245,8.349,0.221,16.864,0.073
1976-08-01,13.511,0.17,19.163,0.234,7.645999999999999,0.222,16.671,0.072
1976-09-01,11.895,0.053,17.740000000000006,0.079,6.197,0.1,16.185,0.056
1976-10-01,8.511000000000001,0.111,14.028,0.253,3.113,0.22,15.167,0.059
1976-11-01,5.66,0.062,11.156,0.124,0.302,0.1639999999999999,14.299,0.05
1976-12-01,3.681,0.0819999999999999,9.086,0.155,-1.7080000000000002,0.16,13.841,0.05
1977-01-01,2.492,0.087,7.7639999999999985,0.197,-2.648,0.16,13.646999999999998,0.05
1977-02-01,3.471,0.12,9.135,0.088,-2.152,0.145,14.001,0.056
1977-03-01,5.702000000000001,0.11,11.581,0.123,-0.035,0.168,14.639,0.055
1977-04-01,8.85,0.064,14.751,0.092,3.0580000000000003,0.081,15.47,0.049
1977-05-01,11.78,0.133,17.594,0.163,6.009,0.227,16.285999999999998,0.061
1977-06-01,13.876,0.11,19.628,0.173,8.058,0.184,16.846,0.056
1977-07-01,14.630999999999998,0.111,20.327,0.122,8.971,0.206,17.047,0.06
1977-08-01,14.09,0.078,19.673,0.162,8.463999999999999,0.134,16.979,0.053
1977-09-01,11.861999999999998,0.065,17.535,0.073,6.35,0.111,16.312,0.054
1977-10-01,9.156,0.041,14.875,0.106,3.5860000000000003,0.09,15.387,0.049
1977-11-01,6.5440000000000005,0.062,11.962,0.101,1.259,0.07,14.544,0.048
1977-12-01,3.749,0.035,9.001,0.1,-1.385,0.139,13.741,0.045
1978-01-01,2.705,0.095,8.006,0.078,-2.52,0.078,13.587,0.054
1978-02-01,3.4560000000000004,0.1369999999999999,9.006,0.2,-2.149,0.2,13.904000000000002,0.06
1978-03-01,5.607,0.097,11.344,0.055,-0.074,0.174,14.555,0.052
1978-04-01,8.790999999999999,0.088,14.628,0.344,3.084,0.416,15.372,0.05
1978-05-01,11.414,0.139,17.131,0.236,5.723000000000001,0.314,16.101,0.061
1978-06-01,13.22,0.106,18.891,0.1639999999999999,7.715000000000002,0.213,16.601000000000006,0.057
1978-07-01,14.364,0.158,19.911,0.132,8.894,0.237,16.935,0.067
1978-08-01,13.297,0.099,18.974,0.155,7.680999999999999,0.173,16.623,0.056
1978-09-01,12.03,0.096,17.64,0.1639999999999999,6.431,0.127,16.281,0.058
1978-10-01,9.339,0.0819999999999999,14.964,0.145,3.803,0.15,15.337,0.054
1978-11-01,6.3500000000000005,0.081,11.685,0.112,1.08,0.126,14.522,0.05
1978-12-01,3.74,0.068,9.195,0.085,-1.617,0.093,13.793,0.047
1979-01-01,2.6790000000000003,0.083,8.071,0.125,-2.625,0.1,13.63,0.048
1979-02-01,2.841,0.089,8.525,0.076,-2.7590000000000003,0.147,13.768,0.047
1979-03-01,5.474,0.102,11.331,0.187,-0.129,0.272,14.565,0.051
1979-04-01,8.455,0.078,14.273,0.258,2.623,0.303,15.390999999999998,0.046
1979-05-01,11.199000000000002,0.149,17.139000000000006,0.198,5.7120000000000015,0.212,16.076,0.058
1979-06-01,13.487,0.067,19.366,0.213,7.818,0.215,16.772000000000002,0.043
1979-07-01,14.114,0.054,19.945,0.109,8.491,0.117,16.992,0.042
1979-08-01,13.833,0.087,19.623,0.16,8.266,0.181,16.977999999999998,0.046
1979-09-01,12.247,0.091,18.059,0.18,6.714,0.24,16.45,0.048
1979-10-01,9.586,0.09,15.354,0.116,4.053999999999999,0.125,15.557,0.049
1979-11-01,6.2860000000000005,0.079,11.807,0.13,0.905,0.051,14.609000000000002,0.047
1979-12-01,4.6,0.068,10.0,0.115,-0.6690000000000002,0.051,14.182,0.045
1980-01-01,2.9560000000000004,0.087,8.468,0.08,-2.4570000000000003,0.124,13.812,0.049
1980-02-01,3.652,0.099,9.26,0.129,-1.864,0.115,14.112,0.05
1980-03-01,5.367000000000001,0.103,11.239999999999998,0.16,-0.379,0.126,14.646,0.052
1980-04-01,8.934999999999997,0.106,14.821,0.129,3.109,0.175,15.578,0.052
1980-05-01,11.77,0.089,17.713,0.234,6.131,0.172,16.314,0.05
1980-06-01,13.582,0.134,19.375,0.185,7.901000000000002,0.299,16.805999999999997,0.058
1980-07-01,14.742,0.144,20.466,0.179,9.102,0.214,17.171,0.06
1980-08-01,14.189,0.221,19.814,0.117,8.562999999999999,0.089,17.049,0.077
1980-09-01,12.321,0.08,18.121,0.152,6.642,0.146,16.427,0.051
1980-10-01,9.55,0.064,15.17,0.118,4.051,0.112,15.45,0.048
1980-11-01,6.684,0.094,12.196,0.183,1.334,0.143,14.645,0.051
1980-12-01,4.016,0.059,9.431,0.165,-1.277,0.086,13.892,0.046
1981-01-01,3.785,0.121,9.267,0.193,-1.2980000000000005,0.153,13.963,0.055
1981-02-01,4.021,0.139,9.689,0.133,-1.41,0.119,14.073,0.059
1981-03-01,6.239,0.035,12.05,0.063,0.5539999999999999,0.161,14.769,0.045
1981-04-01,8.953,0.08,14.817,0.206,3.131,0.25,15.432,0.05
1981-05-01,11.565,0.084,17.471,0.33,5.901000000000002,0.345,16.198,0.049
1981-06-01,13.765,0.122,19.611,0.126,8.065,0.148,16.932000000000002,0.058
1981-07-01,14.738,0.0819999999999999,20.398,0.122,9.208,0.132,17.217,0.054
1981-08-01,14.502,0.099,20.293,0.092,8.976999999999997,0.081,17.123,0.055
1981-09-01,12.236,0.118,17.950000000000006,0.098,6.646,0.139,16.465999999999998,0.058
1981-10-01,9.394,0.059,14.979,0.096,3.765,0.066,15.453,0.05
1981-11-01,6.273,0.058,11.669,0.114,0.97,0.099,14.47,0.047
1981-12-01,4.519,0.05,10.068,0.094,-0.878,0.076,14.098,0.048
1982-01-01,2.5580000000000003,0.08,8.09,0.13,-2.777,0.097,13.587,0.053
1982-02-01,3.281,0.077,8.843,0.076,-2.075,0.07,13.852,0.053
1982-03-01,4.873,0.087,10.667,0.139,-0.722,0.1369999999999999,14.337,0.054
1982-04-01,8.465,0.093,14.388,0.223,2.89,0.433,15.33,0.054
1982-05-01,11.348,0.09,17.149,0.305,5.727,0.283,16.144000000000002,0.054
1982-06-01,13.245,0.071,19.083,0.234,7.556,0.251,16.625,0.053
1982-07-01,14.545,0.073,20.311,0.301,9.019,0.397,17.0,0.058
1982-08-01,13.796,0.067,19.534,0.166,8.465,0.217,16.867,0.054
1982-09-01,12.039,0.067,17.75,0.155,6.675,0.213,16.354,0.055
1982-10-01,9.232,0.066,14.845,0.129,3.917,0.139,15.493,0.054
1982-11-01,5.961,0.111,11.314,0.117,0.909,0.184,14.446,0.057
1982-12-01,4.327,0.11,9.637,0.077,-0.7050000000000001,0.064,14.068,0.058
1983-01-01,3.4450000000000003,0.115,8.747,0.084,-1.65,0.08,13.979,0.057
1983-02-01,3.814,0.173,9.427,0.088,-1.592,0.085,14.169,0.068
1983-03-01,5.699,0.09,11.503,0.055,0.0969999999999999,0.091,14.683,0.053
1983-04-01,8.693,0.05,14.45,0.092,3.053,0.134,15.468,0.048
1983-05-01,11.729,0.106,17.477,0.136,6.144,0.187,16.34,0.056
1983-06-01,13.478,0.124,19.217,0.147,7.819,0.17,16.785999999999998,0.061
1983-07-01,14.408,0.07,20.139,0.138,8.829,0.115,17.067999999999998,0.054
1983-08-01,14.302,0.061,20.105,0.177,8.729,0.1,17.145,0.052
1983-09-01,12.698,0.098,18.41200000000001,0.093,7.08,0.16,16.573,0.059
1983-10-01,9.478,0.096,15.097,0.088,4.011,0.155,15.498,0.058
1983-11-01,6.7650000000000015,0.091,12.334,0.151,1.4209999999999998,0.134,14.648,0.054
1983-12-01,3.829,0.054,9.25,0.127,-1.3119999999999998,0.08,13.886,0.05
1984-01-01,2.9410000000000003,0.081,8.338,0.111,-2.2350000000000003,0.085,13.701,0.052
1984-02-01,3.093,0.101,8.786,0.136,-2.452,0.1689999999999999,13.878,0.056
1984-03-01,5.671,0.084,11.541,0.1,-0.078,0.06,14.608,0.056
1984-04-01,8.431999999999999,0.163,14.335,0.23,2.608,0.209,15.37,0.068
1984-05-01,11.976,0.061,17.860000000000007,0.115,6.211,0.138,16.294999999999998,0.052
1984-06-01,13.387,0.191,19.05,0.127,7.662000000000001,0.1669999999999999,16.668000000000006,0.073
1984-07-01,14.429,0.1369999999999999,20.109,0.075,8.958,0.191,16.961000000000002,0.063
1984-08-01,13.984000000000002,0.085,19.83,0.235,8.33,0.151,16.972,0.054
1984-09-01,12.015,0.074,17.718,0.098,6.5,0.096,16.385,0.053
1984-10-01,9.378,0.0819999999999999,14.890999999999998,0.066,4.015,0.101,15.368,0.054
1984-11-01,5.811,0.106,11.243,0.166,0.602,0.088,14.32,0.055
1984-12-01,3.185,0.066,8.411,0.15,-1.88,0.109,13.604,0.05
1985-01-01,3.01,0.0819999999999999,8.385,0.122,-2.22,0.063,13.678,0.052
1985-02-01,2.704,0.085,8.322000000000001,0.117,-2.853,0.08,13.731,0.051
1985-03-01,5.4510000000000005,0.06,11.194,0.087,-0.133,0.086,14.526,0.05
1985-04-01,8.633,0.085,14.421,0.085,2.905,0.113,15.356,0.054
1985-05-01,11.425999999999998,0.066,17.203000000000007,0.117,5.756,0.119,16.136,0.05
1985-06-01,13.569,0.187,19.396,0.24,7.907999999999999,0.146,16.713,0.07
1985-07-01,13.973,0.087,19.711,0.113,8.362,0.141,16.906,0.051
1985-08-01,14.059,0.087,19.757,0.113,8.514999999999999,0.092,17.012999999999998,0.05
1985-09-01,11.98,0.08,17.634,0.138,6.482,0.135,16.357,0.054
1985-10-01,9.338,0.089,14.808,0.048,4.051,0.099,15.476,0.054
1985-11-01,5.968,0.104,11.331,0.102,0.703,0.107,14.388,0.055
1985-12-01,3.785,0.107,9.044,0.154,-1.368,0.084,13.808,0.056
1986-01-01,3.315,0.117,8.818,0.071,-2.011,0.076,13.724,0.057
1986-02-01,3.991,0.113,9.699,0.202,-1.6370000000000002,0.092,14.084,0.056
1986-03-01,5.755,0.048,11.629,0.077,0.015,0.055,14.608,0.049
1986-04-01,8.870999999999997,0.086,14.772,0.206,3.105,0.062,15.452,0.054
1986-05-01,11.581,0.066,17.393,0.108,5.888999999999999,0.178,16.163,0.049
1986-06-01,13.439,0.06,19.211,0.191,7.7200000000000015,0.192,16.695999999999998,0.05
1986-07-01,14.293,0.06,19.987,0.1,8.738999999999999,0.115,16.991,0.05
1986-08-01,13.972,0.059,19.874,0.099,8.433,0.141,16.938,0.05
1986-09-01,11.816999999999998,0.143,17.713,0.106,6.395,0.274,16.285,0.063
1986-10-01,9.299,0.096,14.803,0.148,3.881,0.157,15.455,0.054
1986-11-01,5.9190000000000005,0.1,11.232,0.063,0.7020000000000001,0.092,14.407,0.055
1986-12-01,3.751,0.072,9.071,0.075,-1.399,0.105,13.805,0.052
1987-01-01,3.139,0.115,8.700999999999999,0.0819999999999999,-2.3440000000000003,0.109,13.758,0.058
1987-02-01,4.134,0.091,9.792,0.105,-1.366,0.092,14.161,0.053
1987-03-01,5.245,0.076,11.203,0.074,-0.467,0.084,14.538,0.051
1987-04-01,8.594999999999999,0.078,14.69,0.083,2.835,0.22,15.447,0.052
1987-05-01,11.525,0.065,17.315,0.13,5.797999999999999,0.136,16.252,0.051
1987-06-01,13.927,0.068,19.661,0.146,8.105,0.126,16.900000000000002,0.051
1987-07-01,14.89,0.144,20.667,0.105,9.326,0.196,17.296,0.063
1987-08-01,13.896,0.127,19.632,0.147,8.319999999999999,0.227,17.061,0.06
1987-09-01,12.447,0.075,18.22600000000001,0.13,6.877999999999999,0.218,16.569000000000003,0.053
1987-10-01,9.59,0.077,15.136,0.081,4.093999999999999,0.089,15.621,0.051
1987-11-01,6.056,0.052,11.518,0.161,0.71,0.131,14.561,0.049
1987-12-01,4.489,0.054,9.857,0.085,-0.7120000000000001,0.107,14.13,0.048
1988-01-01,3.454,0.07,8.863999999999997,0.12,-1.798,0.09,13.978,0.052
1988-02-01,3.422,0.095,9.094,0.093,-2.031,0.075,14.064,0.052
1988-03-01,5.931,0.085,11.817,0.093,0.3659999999999999,0.1369999999999999,14.778,0.054
1988-04-01,8.991999999999997,0.066,14.978,0.118,3.289,0.087,15.593,0.051
1988-05-01,11.852,0.091,17.676000000000005,0.062,6.143000000000002,0.2,16.348,0.054
1988-06-01,14.099,0.098,19.974,0.16,8.356,0.085,16.976000000000006,0.057
1988-07-01,14.798,0.068,20.466,0.168,9.186,0.125,17.179000000000002,0.051
1988-08-01,14.553,0.122,20.124,0.255,8.905,0.157,17.173000000000002,0.059
1988-09-01,12.681,0.072,18.424000000000003,0.141,7.08,0.079,16.553,0.053
1988-10-01,9.979,0.062,15.719,0.194,4.363,0.151,15.639,0.052
1988-11-01,6.295,0.074,11.837,0.081,0.841,0.074,14.465,0.052
1988-12-01,4.363,0.058,9.707,0.119,-0.8520000000000001,0.078,13.923,0.052
1989-01-01,2.71,0.108,8.094999999999999,0.118,-2.5980000000000003,0.118,13.566,0.058
1989-02-01,3.627,0.095,9.3,0.067,-1.924,0.088,13.978000000000002,0.055
1989-03-01,5.792000000000001,0.099,11.628,0.07,0.1309999999999999,0.17,14.607,0.057
1989-04-01,8.689,0.104,14.541,0.089,2.737,0.147,15.422,0.057
1989-05-01,11.28,0.094,17.105,0.208,5.4940000000000015,0.13,16.121,0.056
1989-06-01,13.447,0.126,19.25,0.183,7.871,0.13,16.725,0.063
1989-07-01,14.612,0.084,20.361,0.079,8.988999999999997,0.102,17.150000000000002,0.058
1989-08-01,14.135,0.064,19.987,0.152,8.594999999999999,0.145,17.051000000000002,0.052
1989-09-01,12.403,0.101,18.198,0.105,6.675,0.15,16.5,0.059
1989-10-01,9.76,0.061,15.473,0.13,4.1,0.212,15.597,0.051
1989-11-01,6.178999999999999,0.06,11.718,0.086,0.7490000000000001,0.062,14.524,0.052
1989-12-01,4.43,0.06,9.802,0.055,-0.8070000000000002,0.096,14.058,0.053
1990-01-01,3.2430000000000003,0.09,8.556999999999999,0.099,-1.9390000000000005,0.075,13.890999999999998,0.057
1990-02-01,3.643,0.087,9.225,0.111,-1.7950000000000002,0.07,14.143,0.056
1990-03-01,6.73,0.099,12.658,0.179,1.0359999999999998,0.094,15.005,0.058
1990-04-01,9.169,0.059,15.058,0.084,3.373,0.125,15.683,0.052
1990-05-01,11.831,0.071,17.642000000000003,0.234,6.086,0.237,16.397000000000002,0.054
1990-06-01,13.893,0.087,19.786,0.1639999999999999,8.167,0.129,16.995,0.054
1990-07-01,14.784,0.14,20.401,0.105,9.158,0.085,17.246000000000002,0.065
1990-08-01,14.095,0.05,19.956,0.221,8.514,0.162,17.11,0.054
1990-09-01,12.195,0.106,17.993000000000006,0.089,6.597,0.209,16.465,0.063
1990-10-01,9.882,0.036,15.72,0.125,4.285,0.125,15.747,0.053
1990-11-01,6.92,0.132,12.561,0.09,1.345,0.072,14.77,0.065
1990-12-01,4.425,0.079,9.935,0.057,-0.9220000000000002,0.054,14.1,0.056
1991-01-01,3.1950000000000003,0.066,8.506,0.044,-1.9070000000000005,0.114,13.859000000000002,0.056
1991-02-01,4.0440000000000005,0.087,9.774,0.074,-1.499,0.098,14.201,0.057
1991-03-01,5.574,0.076,11.411,0.106,-0.129,0.13,14.689,0.056
1991-04-01,9.226,0.04,15.123,0.09,3.414,0.159,15.716,0.055
1991-05-01,11.616,0.062,17.441000000000006,0.105,6.009,0.114,16.37,0.054
1991-06-01,14.263,0.074,19.903,0.124,8.509,0.072,17.052,0.057
1991-07-01,14.987,0.055,20.643,0.106,9.273,0.142,17.348,0.053
1991-08-01,14.319,0.057,20.036,0.086,8.61,0.111,17.163,0.055
1991-09-01,12.677,0.053,18.539,0.235,7.004,0.084,16.572,0.056
1991-10-01,9.753,0.064,15.553,0.066,4.122,0.095,15.619000000000002,0.055
1991-11-01,6.44,0.07,11.862,0.101,1.121,0.088,14.607,0.055
1991-12-01,4.059,0.041,9.284,0.078,-1.061,0.061,13.98,0.052
1992-01-01,3.579,0.084,8.914,0.1,-1.6550000000000002,0.093,13.961,0.058
1992-02-01,3.931,0.148,9.491,0.116,-1.5950000000000002,0.087,14.181,0.067
1992-03-01,5.952000000000001,0.069,11.692,0.064,0.2529999999999999,0.086,14.771,0.056
1992-04-01,8.572000000000001,0.061,14.366,0.075,2.785,0.1,15.51,0.055
1992-05-01,11.534999999999998,0.073,17.346,0.095,5.796,0.184,16.319000000000003,0.059
1992-06-01,13.576,0.066,19.36,0.094,7.818,0.075,16.886000000000006,0.058
1992-07-01,14.139,0.081,19.853,0.083,8.421,0.0819999999999999,17.000999999999998,0.057
1992-08-01,13.765999999999998,0.084,19.435,0.162,8.130999999999998,0.13,16.900000000000002,0.057
1992-09-01,11.672,0.049,17.289,0.122,6.132000000000001,0.14,16.243,0.053
1992-10-01,9.353,0.047,15.152,0.058,3.676,0.061,15.419,0.054
1992-11-01,5.888999999999999,0.083,11.303,0.062,0.463,0.066,14.343,0.056
1992-12-01,4.075,0.155,9.455,0.157,-1.0630000000000002,0.126,13.902,0.068
1993-01-01,3.301,0.096,8.666,0.065,-1.9190000000000005,0.076,13.896,0.062
1993-02-01,3.745,0.097,9.42,0.081,-1.7440000000000002,0.054,14.085,0.06
1993-03-01,5.922999999999999,0.094,11.791,0.085,0.1409999999999999,0.074,14.725,0.061
1993-04-01,8.69,0.046,14.585,0.116,2.823,0.1369999999999999,15.482,0.055
1993-05-01,11.475,0.056,17.289,0.084,5.674,0.124,16.230999999999998,0.056
1993-06-01,13.518,0.075,19.292,0.094,7.767,0.146,16.859,0.058
1993-07-01,14.595,0.11,20.228,0.062,8.947000000000001,0.174,17.155,0.062
1993-08-01,13.835,0.065,19.584,0.066,8.228,0.108,16.926000000000002,0.058
1993-09-01,11.93,0.102,17.639000000000006,0.06,6.287000000000001,0.121,16.381,0.062
1993-10-01,9.614,0.064,15.294,0.061,3.987,0.047,15.543,0.058
1993-11-01,5.738,0.09,11.091,0.098,0.3629999999999999,0.07,14.41,0.059
1993-12-01,4.035,0.081,9.358,0.07,-1.139,0.145,13.904000000000002,0.059
1994-01-01,3.024,0.063,8.336,0.107,-2.274,0.099,13.731,0.057
1994-02-01,2.81,0.105,8.594,0.093,-2.768,0.094,13.773,0.062
1994-03-01,5.731,0.071,11.662999999999998,0.083,-0.131,0.119,14.713,0.058
1994-04-01,9.018,0.044,14.961,0.16,3.162,0.191,15.584,0.057
1994-05-01,11.684,0.08,17.582,0.106,5.682,0.092,16.348,0.06
1994-06-01,14.144,0.087,19.932,0.099,8.288,0.109,17.021,0.061
1994-07-01,14.658,0.076,20.421,0.111,8.947000000000001,0.145,17.183,0.059
1994-08-01,13.977,0.051,19.808,0.087,8.274,0.173,17.035999999999998,0.055
1994-09-01,12.515999999999998,0.068,18.335,0.123,6.821000000000001,0.159,16.498,0.058
1994-10-01,10.002,0.077,15.606,0.093,4.543,0.166,15.743,0.06
1994-11-01,6.787999999999999,0.064,12.2,0.091,1.311,0.11,14.754,0.056
1994-12-01,4.113,0.065,9.313,0.158,-1.102,0.064,14.036,0.06
1995-01-01,3.54,0.057,8.895,0.151,-1.769,0.173,13.945,0.06
1995-02-01,4.656000000000001,0.083,10.257,0.145,-0.8790000000000002,0.127,14.388,0.062
1995-03-01,5.956,0.077,11.784,0.165,0.265,0.108,14.783,0.061
1995-04-01,8.972000000000001,0.078,14.839,0.122,3.162,0.17,15.587,0.061
1995-05-01,11.57,0.063,17.301000000000002,0.121,5.758000000000001,0.222,16.279,0.057
1995-06-01,14.164,0.088,20.115,0.186,8.232000000000001,0.053,17.008000000000006,0.061
1995-07-01,15.116,0.079,20.803,0.185,9.331,0.168,17.375,0.061
1995-08-01,14.636,0.088,20.409,0.083,8.808,0.231,17.297,0.061
1995-09-01,12.565,0.087,18.382,0.068,6.921,0.182,16.580000000000002,0.06
1995-10-01,10.106,0.086,15.749,0.13,4.49,0.144,15.748,0.062
1995-11-01,6.761,0.087,12.387,0.104,1.266,0.205,14.713,0.06
1995-12-01,4.123,0.044,9.396,0.131,-1.143,0.113,13.951,0.059
1996-01-01,2.862,0.088,8.350999999999999,0.107,-2.512,0.108,13.720999999999998,0.059
1996-02-01,4.0120000000000005,0.118,9.769,0.095,-1.7620000000000002,0.08,14.207,0.064
1996-03-01,5.524,0.085,11.411,0.157,-0.285,0.145,14.658,0.059
1996-04-01,8.679,0.073,14.470999999999998,0.099,2.717,0.13,15.541,0.057
1996-05-01,11.588,0.106,17.437,0.102,5.792000000000002,0.123,16.272000000000002,0.063
1996-06-01,13.681,0.091,19.405,0.143,7.854,0.106,16.847,0.058
1996-07-01,14.827,0.097,20.65,0.087,9.123,0.129,17.22,0.061
1996-08-01,14.603,0.073,20.416,0.13,8.918,0.126,17.21,0.059
1996-09-01,12.294,0.053,17.974,0.116,6.711,0.17,16.444000000000003,0.056
1996-10-01,9.525,0.097,15.191,0.155,3.929,0.089,15.515999999999998,0.061
1996-11-01,6.5470000000000015,0.078,11.952,0.112,1.178,0.083,14.607,0.059
1996-12-01,4.325,0.058,9.82,0.112,-1.089,0.06,14.053,0.058
1997-01-01,3.165,0.083,8.588,0.099,-2.1340000000000003,0.078,13.818,0.058
1997-02-01,3.766,0.093,9.456,0.067,-1.885,0.086,14.178,0.059
1997-03-01,6.0120000000000005,0.139,11.808,0.188,0.1899999999999999,0.095,14.873,0.068
1997-04-01,8.891,0.054,14.817,0.114,2.967,0.115,15.634,0.055
1997-05-01,11.593,0.072,17.378,0.109,5.8020000000000005,0.149,16.387999999999998,0.056
1997-06-01,14.130999999999998,0.066,19.913,0.096,8.334,0.135,17.158,0.056
1997-07-01,14.565,0.132,20.26,0.094,8.825,0.089,17.307000000000002,0.065
1997-08-01,14.255999999999998,0.091,20.13,0.104,8.578999999999999,0.122,17.266000000000002,0.059
1997-09-01,12.685,0.105,18.555000000000003,0.313,6.973,0.162,16.766000000000002,0.061
1997-10-01,10.109,0.07,15.682,0.108,4.665,0.145,15.935,0.056
1997-11-01,6.841,0.096,12.195,0.092,1.503,0.086,14.952,0.06
1997-12-01,4.417,0.062,9.634,0.064,-0.7370000000000001,0.076,14.291,0.057
1998-01-01,3.3520000000000003,0.076,8.555,0.093,-1.7760000000000002,0.086,14.063,0.063
1998-02-01,4.8260000000000005,0.106,10.475,0.11,-0.7680000000000002,0.077,14.611,0.066
1998-03-01,6.023,0.0819999999999999,11.888,0.073,0.3009999999999999,0.102,14.958,0.065
1998-04-01,9.358,0.05,15.255,0.088,3.439,0.194,15.884,0.062
1998-05-01,12.291,0.083,18.182,0.1639999999999999,6.372000000000001,0.105,16.671,0.062
1998-06-01,14.521,0.114,20.404,0.13,8.777999999999999,0.072,17.289,0.066
1998-07-01,15.34,0.074,20.972,0.062,9.715,0.17,17.609,0.062
1998-08-01,14.874,0.074,20.505,0.128,9.344,0.217,17.491,0.062
1998-09-01,12.672999999999998,0.047,18.336,0.123,7.152,0.177,16.657,0.061
1998-10-01,9.941,0.055,15.505999999999998,0.117,4.45,0.116,15.768,0.064
1998-11-01,6.404,0.081,11.872,0.09,1.039,0.0819999999999999,14.697,0.062
1998-12-01,4.6690000000000005,0.045,10.083,0.079,-0.6559999999999999,0.101,14.214,0.061
1999-01-01,3.544,0.07,8.876999999999997,0.065,-1.7320000000000002,0.11,13.933,0.063
1999-02-01,4.694,0.089,10.4,0.063,-0.957,0.099,14.367,0.065
1999-03-01,5.53,0.102,11.4,0.106,-0.2739999999999999,0.086,14.675999999999998,0.069
1999-04-01,8.838,0.064,14.807,0.085,2.931,0.175,15.572,0.064
1999-05-01,11.706,0.045,17.613,0.116,5.824000000000002,0.155,16.298,0.061
1999-06-01,14.031,0.072,19.831,0.121,8.205,0.131,16.957,0.062
1999-07-01,14.853,0.101,20.578000000000003,0.087,9.24,0.12,17.218,0.064
1999-08-01,14.348,0.089,20.158,0.076,8.696,0.125,17.1,0.063
1999-09-01,12.723,0.056,18.472,0.165,7.109,0.134,16.605,0.059
1999-10-01,9.997,0.095,15.583,0.107,4.4910000000000005,0.064,15.675,0.063
1999-11-01,6.5920000000000005,0.083,12.121,0.08,1.107,0.085,14.673,0.063
1999-12-01,4.565,0.085,9.953,0.09,-0.6920000000000001,0.078,14.13,0.064
2000-01-01,2.95,0.091,8.349,0.103,-2.322,0.072,13.773,0.064
2000-02-01,4.184,0.093,9.863,0.096,-1.371,0.092,14.265999999999998,0.065
2000-03-01,6.218999999999999,0.12,12.204999999999998,0.133,0.3759999999999999,0.0819999999999999,14.845999999999998,0.069
2000-04-01,9.552,0.075,15.534,0.156,3.68,0.153,15.762,0.062
2000-05-01,11.874,0.064,17.721,0.127,5.997000000000001,0.2,16.395,0.061
2000-06-01,14.06,0.1,19.847,0.206,8.243,0.161,17.0,0.067
2000-07-01,14.848,0.12,20.665,0.107,9.098,0.098,17.242,0.066
2000-08-01,14.519,0.086,20.308,0.095,8.796,0.152,17.243000000000002,0.063
2000-09-01,12.547,0.058,18.373,0.115,6.822,0.142,16.613,0.061
2000-10-01,9.486,0.047,15.069,0.134,4.0,0.097,15.588,0.06
2000-11-01,6.312,0.084,11.67,0.092,0.996,0.064,14.632,0.062
2000-12-01,3.863,0.064,9.182,0.108,-1.3330000000000002,0.072,13.968,0.062
2001-01-01,3.3360000000000003,0.077,8.827,0.088,-2.0780000000000003,0.06,13.936,0.063
2001-02-01,3.72,0.109,9.486,0.059,-1.997,0.091,14.179,0.067
2001-03-01,6.207999999999999,0.058,12.130999999999998,0.094,0.4109999999999999,0.117,14.982,0.062
2001-04-01,9.245,0.098,15.174,0.118,3.234,0.155,15.808,0.066
2001-05-01,12.271,0.105,18.185,0.13,6.3500000000000005,0.107,16.569000000000003,0.066
2001-06-01,14.11,0.085,19.962,0.133,8.218,0.134,17.151,0.063
2001-07-01,15.161,0.101,20.923,0.104,9.428,0.149,17.45,0.065
2001-08-01,14.427,0.115,20.332,0.103,8.664,0.178,17.294,0.068
2001-09-01,12.736,0.087,18.581000000000003,0.114,7.07,0.17,16.758,0.065
2001-10-01,9.935,0.073,15.578,0.101,4.353,0.109,15.831,0.064
2001-11-01,7.319,0.086,12.89,0.093,1.92,0.0819999999999999,15.011,0.064
2001-12-01,4.507,0.055,9.841,0.108,-0.685,0.089,14.241,0.062
2002-01-01,4.026,0.065,9.459,0.123,-1.3219999999999998,0.089,14.258,0.062
2002-02-01,4.704,0.078,10.435,0.104,-0.9480000000000002,0.058,14.505,0.065
2002-03-01,6.772,0.034,12.775,0.083,0.8940000000000001,0.113,15.198,0.064
2002-04-01,9.229,0.049,15.146,0.099,3.3080000000000003,0.152,15.818,0.062
2002-05-01,12.248,0.081,18.157,0.17,6.199000000000002,0.197,16.605,0.062
2002-06-01,14.084,0.052,19.912,0.143,8.184000000000001,0.151,17.110000000000007,0.06
2002-07-01,15.354,0.077,21.199,0.075,9.409,0.096,17.487000000000002,0.062
2002-08-01,14.56,0.067,20.444000000000003,0.136,8.806999999999997,0.136,17.328,0.061
2002-09-01,12.95,0.103,18.785,0.129,7.16,0.083,16.799,0.065
2002-10-01,9.988,0.079,15.599,0.166,4.484,0.15,15.859000000000002,0.062
2002-11-01,6.892,0.12,12.48,0.142,1.389,0.136,14.856,0.067
2002-12-01,4.038,0.064,9.357,0.119,-1.189,0.045,14.127,0.063
2003-01-01,3.981,0.07,9.558,0.119,-1.481,0.091,14.207,0.064
2003-02-01,4.085,0.097,9.749,0.088,-1.4800000000000002,0.111,14.359000000000002,0.065
2003-03-01,6.047999999999999,0.055,11.972,0.077,0.215,0.127,14.973,0.062
2003-04-01,9.154,0.074,15.033,0.105,3.209,0.122,15.774,0.063
2003-05-01,12.153,0.095,18.118,0.136,6.207999999999999,0.162,16.567,0.063
2003-06-01,14.017,0.135,19.77,0.12,8.222000000000001,0.146,17.104000000000006,0.068
2003-07-01,14.983,0.184,20.757,0.117,9.223,0.154,17.423000000000002,0.078
2003-08-01,14.691,0.089,20.48,0.084,8.974,0.119,17.402,0.063
2003-09-01,12.911,0.067,18.692,0.181,7.221,0.18,16.839000000000002,0.06
2003-10-01,10.424,0.085,16.115,0.116,4.74,0.094,15.997,0.063
2003-11-01,6.727,0.075,12.203,0.134,1.347,0.117,14.838,0.061
2003-12-01,5.132999999999999,0.062,10.545,0.088,-0.179,0.091,14.436,0.062
2004-01-01,3.5250000000000004,0.062,8.901,0.109,-1.65,0.097,14.097,0.059
2004-02-01,4.4990000000000006,0.104,10.171,0.085,-1.1820000000000002,0.075,14.488,0.065
2004-03-01,6.321000000000001,0.069,12.275,0.0819999999999999,0.3759999999999999,0.093,14.992,0.061
2004-04-01,9.249,0.057,15.132,0.111,3.285,0.133,15.811,0.061
2004-05-01,11.571,0.07,17.296000000000006,0.075,5.707000000000002,0.144,16.383,0.058
2004-06-01,13.889,0.097,19.66,0.128,8.035,0.155,17.006,0.063
2004-07-01,14.312,0.115,20.087,0.115,8.624,0.133,17.227,0.065
2004-08-01,14.188,0.104,20.011,0.09,8.382,0.083,17.266000000000002,0.063
2004-09-01,12.642,0.084,18.451,0.122,6.907,0.108,16.745,0.059
2004-10-01,10.127,0.091,15.843,0.117,4.511,0.092,15.889,0.061
2004-11-01,7.315,0.092,12.796,0.126,1.91,0.0819999999999999,15.022,0.06
2004-12-01,4.257,0.056,9.593,0.149,-0.9320000000000002,0.076,14.161,0.06
2005-01-01,3.808,0.064,9.026,0.135,-1.3769999999999998,0.066,14.159,0.059
2005-02-01,3.92,0.115,9.508,0.093,-1.5340000000000005,0.051,14.293,0.067
2005-03-01,6.5440000000000005,0.06,12.316,0.098,0.8130000000000002,0.074,15.106,0.064
2005-04-01,9.618,0.052,15.550999999999998,0.133,3.697,0.1639999999999999,15.978,0.061
2005-05-01,12.226,0.09,17.995,0.132,6.392,0.166,16.629,0.061
2005-06-01,14.476,0.083,20.104,0.142,8.863,0.14,17.248,0.062
2005-07-01,15.19,0.094,20.88,0.091,9.569,0.156,17.503,0.063
2005-08-01,14.51,0.078,20.25,0.091,8.934,0.153,17.375,0.059
2005-09-01,13.217,0.08,19.110000000000007,0.109,7.412000000000001,0.148,16.903,0.059
2005-10-01,10.601,0.064,16.235,0.101,5.004,0.089,16.025000000000002,0.059
2005-11-01,7.422999999999999,0.068,12.944,0.111,1.988,0.073,15.005,0.058
2005-12-01,4.878,0.054,10.279000000000002,0.121,-0.395,0.065,14.327,0.058
2006-01-01,3.286,0.064,8.616999999999999,0.106,-1.942,0.113,13.99,0.059
2006-02-01,4.43,0.118,10.124,0.185,-1.2290000000000003,0.09,14.435,0.066
2006-03-01,6.3290000000000015,0.077,12.239,0.098,0.56,0.097,14.966,0.062
2006-04-01,9.055,0.089,15.004,0.191,3.0810000000000004,0.166,15.729,0.061
2006-05-01,11.786,0.092,17.650000000000006,0.25,5.791,0.206,16.463,0.06
2006-06-01,14.443,0.093,20.317,0.156,8.530000000000001,0.131,17.215999999999998,0.06
2006-07-01,15.042,0.116,20.905,0.218,9.288,0.132,17.419,0.063
2006-08-01,14.913,0.107,20.79,0.122,9.146999999999998,0.182,17.479,0.061
2006-09-01,12.875,0.104,18.779000000000003,0.104,7.081,0.1669999999999999,16.792,0.062
2006-10-01,10.289,0.077,15.925,0.091,4.795999999999999,0.129,15.935,0.06
2006-11-01,6.955,0.078,12.448,0.123,1.5179999999999998,0.163,14.931,0.058
2006-12-01,4.987,0.065,10.345999999999998,0.151,-0.2430000000000001,0.084,14.407,0.06
2007-01-01,4.5790000000000015,0.059,10.084,0.147,-0.8180000000000003,0.073,14.417,0.057
2007-02-01,4.221,0.077,10.039,0.077,-1.503,0.074,14.408,0.059
2007-03-01,6.485,0.113,12.483,0.096,0.5169999999999999,0.142,15.017,0.065
2007-04-01,9.823,0.109,15.807,0.183,3.88,0.211,15.93,0.062
2007-05-01,12.518,0.07,18.395000000000003,0.165,6.5680000000000005,0.157,16.629,0.055
2007-06-01,14.309,0.072,20.223,0.105,8.370000000000001,0.13,17.168000000000006,0.056
2007-07-01,15.23,0.115,21.108,0.116,9.482,0.166,17.485,0.061
2007-08-01,14.752,0.113,20.641,0.146,9.032,0.192,17.339000000000002,0.061
2007-09-01,12.93,0.102,18.838,0.152,7.18,0.162,16.737000000000002,0.059
2007-10-01,10.332,0.1,16.134,0.13,4.609,0.12,15.867,0.06
2007-11-01,7.0840000000000005,0.085,12.772,0.132,1.4780000000000002,0.105,14.821,0.057
2007-12-01,4.523,0.059,9.873,0.097,-0.6840000000000002,0.114,14.11,0.057
2008-01-01,2.8440000000000003,0.059,8.155,0.16,-2.383,0.109,13.719,0.057
2008-02-01,3.576,0.068,9.351,0.078,-2.1060000000000003,0.1,14.061,0.059
2008-03-01,6.906000000000001,0.099,12.992,0.106,0.879,0.112,15.077,0.063
2008-04-01,9.295,0.083,15.42,0.121,3.175,0.127,15.735,0.058
2008-05-01,12.053999999999998,0.071,17.989,0.084,6.053000000000001,0.155,16.497,0.055
2008-06-01,14.145,0.097,19.973,0.091,8.266,0.144,17.077,0.058
2008-07-01,15.174,0.072,21.006,0.138,9.407,0.16,17.449,0.054
2008-08-01,14.377,0.113,20.176,0.073,8.594,0.141,17.282,0.06
2008-09-01,12.802,0.087,18.629,0.087,7.1160000000000005,0.154,16.757,0.057
2008-10-01,10.399,0.078,16.038,0.091,4.847,0.125,15.931,0.056
2008-11-01,7.224,0.064,12.738,0.107,1.7959999999999998,0.103,14.919,0.054
2008-12-01,4.385,0.056,9.834,0.106,-0.946,0.128,14.151,0.056
2009-01-01,3.687,0.078,9.175999999999998,0.103,-1.7560000000000002,0.107,14.091,0.058
2009-02-01,4.093999999999999,0.083,9.822,0.06,-1.5450000000000002,0.077,14.267,0.06
2009-03-01,6.086,0.058,12.065,0.093,0.132,0.112,14.873,0.06
2009-04-01,9.367,0.084,15.377,0.098,3.32,0.194,15.819,0.059
2009-05-01,12.111999999999998,0.104,18.01,0.177,6.141,0.1669999999999999,16.570999999999998,0.06
2009-06-01,14.201,0.074,20.056,0.172,8.3,0.122,17.26,0.057
2009-07-01,15.231,0.148,21.085,0.1,9.456,0.13,17.578,0.067
2009-08-01,14.655,0.109,20.577,0.103,8.854999999999997,0.1369999999999999,17.427,0.06
2009-09-01,13.153,0.05,19.006,0.094,7.397,0.133,16.864,0.053
2009-10-01,10.136,0.075,15.79,0.087,4.563,0.104,15.91,0.056
2009-11-01,7.031000000000001,0.087,12.574000000000002,0.085,1.64,0.128,14.968,0.057
2009-12-01,4.31,0.081,9.661,0.121,-0.94,0.101,14.298,0.06
2010-01-01,3.737,0.079,9.245,0.087,-1.6770000000000005,0.0819999999999999,14.207999999999998,0.06
2010-02-01,4.399,0.08,10.034,0.083,-1.107,0.079,14.517,0.061
2010-03-01,6.738,0.057,12.669,0.074,0.7959999999999998,0.119,15.223,0.059
2010-04-01,9.671,0.087,15.616,0.153,3.759,0.159,16.038999999999998,0.06
2010-05-01,12.406,0.078,18.173,0.143,6.524000000000001,0.132,16.732,0.057
2010-06-01,14.421,0.086,20.252,0.118,8.488999999999999,0.128,17.271,0.057
2010-07-01,15.213,0.09,20.97,0.08,9.551,0.141,17.532,0.057
2010-08-01,14.768,0.112,20.656,0.062,8.984,0.124,17.412,0.061
2010-09-01,12.863,0.065,18.603,0.092,7.252000000000001,0.117,16.761,0.054
2010-10-01,10.442,0.07,16.115,0.083,4.905,0.12,15.939,0.057
2010-11-01,7.487,0.102,13.168,0.128,1.95,0.097,14.995,0.06
2010-12-01,4.292,0.095,9.887,0.138,-1.139,0.09,14.117,0.06
2011-01-01,3.282,0.0819999999999999,8.722000000000001,0.096,-2.0340000000000003,0.133,13.928,0.059
2011-02-01,3.743,0.067,9.435,0.077,-1.906,0.104,14.193,0.059
2011-03-01,6.101,0.064,11.963,0.098,0.3140000000000001,0.144,14.88,0.06
2011-04-01,9.483,0.046,15.45,0.152,3.524,0.159,15.832,0.056
2011-05-01,11.986,0.056,17.917,0.105,6.0230000000000015,0.165,16.523,0.056
2011-06-01,14.37,0.0819999999999999,20.231,0.102,8.48,0.143,17.203000000000007,0.058
2011-07-01,15.482,0.113,21.32,0.131,9.684,0.11,17.567999999999998,0.062
2011-08-01,15.012,0.091,20.922,0.114,9.207999999999998,0.13,17.475,0.059
2011-09-01,12.912,0.083,18.89,0.14,6.997999999999999,0.147,16.762,0.057
2011-10-01,10.352,0.087,16.075,0.08,4.85,0.115,15.873,0.059
2011-11-01,6.814,0.107,12.395,0.094,1.432,0.156,14.799,0.06
2011-12-01,4.654999999999999,0.106,10.098,0.183,-0.6409999999999999,0.133,14.198,0.063
2012-01-01,3.157,0.085,8.690999999999999,0.135,-2.233,0.117,13.859000000000002,0.06
2012-02-01,3.628,0.102,9.379,0.084,-2.067,0.145,14.164,0.063
2012-03-01,6.023,0.054,12.025,0.0819999999999999,0.0749999999999999,0.16,14.863,0.061
2012-04-01,9.675999999999998,0.055,15.679,0.129,3.689,0.144,15.880999999999998,0.059
2012-05-01,12.59,0.109,18.611,0.108,6.461,0.162,16.698999999999998,0.064
2012-06-01,14.492,0.078,20.43,0.101,8.505,0.14,17.252000000000002,0.06
2012-07-01,15.076,0.076,21.006,0.079,9.229,0.113,17.45,0.06
2012-08-01,14.72,0.069,20.709,0.079,8.84,0.218,17.42,0.06
2012-09-01,13.04,0.069,19.074,0.093,7.176,0.188,16.882,0.06
2012-10-01,10.428,0.098,16.203,0.099,4.765,0.134,16.019000000000002,0.063
2012-11-01,7.1560000000000015,0.116,12.689,0.15,1.7959999999999998,0.127,15.001,0.064
2012-12-01,4.102,0.09,9.498,0.149,-1.162,0.096,14.138,0.064
2013-01-01,3.685,0.097,9.255,0.154,-1.7260000000000002,0.088,14.117,0.064
2013-02-01,4.222,0.093,9.95,0.057,-1.4720000000000002,0.148,14.359000000000002,0.065
2013-03-01,6.261,0.09,12.328,0.089,0.174,0.142,14.952,0.066
2013-04-01,9.044,0.098,15.084,0.15,3.055,0.177,15.749,0.065
2013-05-01,12.195,0.104,18.107000000000006,0.139,6.263,0.196,16.608999999999998,0.065
2013-06-01,14.568,0.09,20.44,0.158,8.685,0.165,17.257,0.062
2013-07-01,15.003,0.126,20.737,0.1,9.33,0.153,17.503,0.068
2013-08-01,14.742,0.129,20.596,0.12,9.014,0.179,17.462,0.068
2013-09-01,13.154000000000002,0.104,18.947000000000006,0.077,7.482,0.194,16.894000000000002,0.064
2013-10-01,10.255999999999998,0.077,15.994000000000002,0.1,4.663,0.135,15.905,0.062
2013-11-01,7.423999999999999,0.079,12.965,0.113,2.016,0.116,15.107,0.062
2013-12-01,4.724,0.085,10.083,0.129,-0.5479999999999999,0.105,14.339,0.065
2014-01-01,3.732,0.075,9.327,0.138,-1.7550000000000003,0.091,14.136,0.064
2014-02-01,3.5,0.068,9.146,0.073,-2.08,0.095,14.157,0.065
2014-03-01,6.377999999999999,0.098,12.367,0.108,0.436,0.139,15.09,0.068
2014-04-01,9.589,0.111,15.529000000000002,0.09,3.617,0.193,16.038,0.069
2014-05-01,12.582,0.068,18.362,0.158,6.613,0.166,16.804000000000002,0.059
2014-06-01,14.335,0.096,20.126,0.095,8.472999999999999,0.157,17.303,0.064
2014-07-01,14.873,0.078,20.711,0.091,9.112,0.135,17.508,0.061
2014-08-01,14.875,0.115,20.79,0.098,9.047,0.173,17.607,0.064
2014-09-01,13.091,0.086,18.865,0.106,7.399,0.155,16.975,0.059
2014-10-01,10.33,0.076,16.066,0.111,4.689,0.126,16.029,0.059
2014-11-01,6.712999999999999,0.121,12.284,0.124,1.3130000000000002,0.115,14.899,0.064
2014-12-01,4.85,0.09,10.19,0.148,-0.331,0.123,14.41,0.062
2015-01-01,3.881,0.13,9.432,0.09,-1.5180000000000002,0.097,14.255,0.066
2015-02-01,4.664,0.121,10.497,0.092,-1.1380000000000003,0.113,14.564,0.067
2015-03-01,6.74,0.06,12.659,0.096,0.8940000000000001,0.079,15.193,0.061
2015-04-01,9.313,0.088,15.224,0.1369999999999999,3.402,0.147,15.962,0.061
2015-05-01,12.312,0.081,18.181,0.117,6.3130000000000015,0.153,16.774,0.058
2015-06-01,14.505,0.068,20.364,0.133,8.627,0.168,17.39,0.057
2015-07-01,15.050999999999998,0.086,20.904,0.109,9.326,0.225,17.611,0.058
2015-08-01,14.755,0.072,20.699,0.11,9.004999999999997,0.17,17.589000000000002,0.057
2015-09-01,12.999,0.079,18.845,0.088,7.199,0.229,17.049,0.058
2015-10-01,10.800999999999998,0.102,16.45,0.059,5.231999999999998,0.115,16.29,0.062
2015-11-01,7.433,0.119,12.892,0.093,2.157,0.106,15.252,0.063
2015-12-01,5.518,0.1,10.725,0.154,0.2869999999999997,0.099,14.774,0.062
